9,41,njuoaRUr0vrlE/GirJwv93bLdgE=,OiM/RrJ06N/DuX9jbM59TnGTOw8=
10,41,njuoaRUr0vrlE/GirJwv93bLdgE=,OiM/RrJ06N/DuX9jbM59TnGTOw8=
10,42,njuoaRUr0vrlE/GirJwv93bLdgE=,OiM/RrJ06N/DuX9jbM59TnGTOw8=
9,42,njuoaRUr0vrlE/GirJwv93bLdgE=,OiM/RrJ06N/DuX9jbM59TnGTOw8=
9,38,njuoaRUr0vrlE/GirJwv93bLdgE=,saNeL9UejkUz2sDKqnNzQmJwMtI=
10,38,njuoaRUr0vrlE/GirJwv93bLdgE=,saNeL9UejkUz2sDKqnNzQmJwMtI=
9,39,njuoaRUr0vrlE/GirJwv93bLdgE=,saNeL9UejkUz2sDKqnNzQmJwMtI=
10,39,njuoaRUr0vrlE/GirJwv93bLdgE=,saNeL9UejkUz2sDKqnNzQmJwMtI=
9,40,njuoaRUr0vrlE/GirJwv93bLdgE=,OiM/RrJ06N/DuX9jbM59TnGTOw8=
10,40,njuoaRUr0vrlE/GirJwv93bLdgE=,OiM/RrJ06N/DuX9jbM59TnGTOw8=
10,37,dvvjK5bazUB3ImAQQGP/oiqocMA=,saNeL9UejkUz2sDKqnNzQmJwMtI=
9,37,dvvjK5bazUB3ImAQQGP/oiqocMA=,saNeL9UejkUz2sDKqnNzQmJwMtI=
9,33,dvvjK5bazUB3ImAQQGP/oiqocMA=,saNeL9UejkUz2sDKqnNzQmJwMtI=
10,33,dvvjK5bazUB3ImAQQGP/oiqocMA=,saNeL9UejkUz2sDKqnNzQmJwMtI=
9,34,dvvjK5bazUB3ImAQQGP/oiqocMA=,saNeL9UejkUz2sDKqnNzQmJwMtI=
10,34,dvvjK5bazUB3ImAQQGP/oiqocMA=,saNeL9UejkUz2sDKqnNzQmJwMtI=
9,35,dvvjK5bazUB3ImAQQGP/oiqocMA=,saNeL9UejkUz2sDKqnNzQmJwMtI=
10,35,dvvjK5bazUB3ImAQQGP/oiqocMA=,saNeL9UejkUz2sDKqnNzQmJwMtI=
9,36,dvvjK5bazUB3ImAQQGP/oiqocMA=,saNeL9UejkUz2sDKqnNzQmJwMtI=
10,36,dvvjK5bazUB3ImAQQGP/oiqocMA=,saNeL9UejkUz2sDKqnNzQmJwMtI=
8,42,5b37Vr1dD1ClOSzqH0fJZgU0/RU=,OiM/RrJ06N/DuX9jbM59TnGTOw8=
6,41,5b37Vr1dD1ClOSzqH0fJZgU0/RU=,saNeL9UejkUz2sDKqnNzQmJwMtI=
7,41,5b37Vr1dD1ClOSzqH0fJZgU0/RU=,saNeL9UejkUz2sDKqnNzQmJwMtI=
8,41,5b37Vr1dD1ClOSzqH0fJZgU0/RU=,OiM/RrJ06N/DuX9jbM59TnGTOw8=
5,42,5b37Vr1dD1ClOSzqH0fJZgU0/RU=,saNeL9UejkUz2sDKqnNzQmJwMtI=
6,42,5b37Vr1dD1ClOSzqH0fJZgU0/RU=,saNeL9UejkUz2sDKqnNzQmJwMtI=
7,42,5b37Vr1dD1ClOSzqH0fJZgU0/RU=,saNeL9UejkUz2sDKqnNzQmJwMtI=
8,38,JYCnJgMDa32w8k9TiUwkIiC1XVI=,saNeL9UejkUz2sDKqnNzQmJwMtI=
6,40,JYCnJgMDa32w8k9TiUwkIiC1XVI=,saNeL9UejkUz2sDKqnNzQmJwMtI=
7,39,JYCnJgMDa32w8k9TiUwkIiC1XVI=,DUuMkxrm1ScyD92d7EeB722QoQo=
8,40,JYCnJgMDa32w8k9TiUwkIiC1XVI=,OiM/RrJ06N/DuX9jbM59TnGTOw8=
8,37,JYCnJgMDa32w8k9TiUwkIiC1XVI=,saNeL9UejkUz2sDKqnNzQmJwMtI=
7,40,JYCnJgMDa32w8k9TiUwkIiC1XVI=,saNeL9UejkUz2sDKqnNzQmJwMtI=
8,39,JYCnJgMDa32w8k9TiUwkIiC1XVI=,saNeL9UejkUz2sDKqnNzQmJwMtI=
6,39,JYCnJgMDa32w8k9TiUwkIiC1XVI=,DUuMkxrm1ScyD92d7EeB722QoQo=
7,38,JYCnJgMDa32w8k9TiUwkIiC1XVI=,DUuMkxrm1ScyD92d7EeB722QoQo=
6,38,JYCnJgMDa32w8k9TiUwkIiC1XVI=,DUuMkxrm1ScyD92d7EeB722QoQo=
1,42,LZqwhlv8NkAYehvtaku/K6BzUhY=,saNeL9UejkUz2sDKqnNzQmJwMtI=
3,42,LZqwhlv8NkAYehvtaku/K6BzUhY=,saNeL9UejkUz2sDKqnNzQmJwMtI=
4,42,LZqwhlv8NkAYehvtaku/K6BzUhY=,saNeL9UejkUz2sDKqnNzQmJwMtI=
2,42,LZqwhlv8NkAYehvtaku/K6BzUhY=,saNeL9UejkUz2sDKqnNzQmJwMtI=
8,33,AZD+fgH9f1kfQEmNMuEjrTQawao=,saNeL9UejkUz2sDKqnNzQmJwMtI=
8,34,AZD+fgH9f1kfQEmNMuEjrTQawao=,saNeL9UejkUz2sDKqnNzQmJwMtI=
8,36,AZD+fgH9f1kfQEmNMuEjrTQawao=,saNeL9UejkUz2sDKqnNzQmJwMtI=
8,35,AZD+fgH9f1kfQEmNMuEjrTQawao=,saNeL9UejkUz2sDKqnNzQmJwMtI=
7,35,AZD+fgH9f1kfQEmNMuEjrTQawao=,DUuMkxrm1ScyD92d7EeB722QoQo=
7,37,AZD+fgH9f1kfQEmNMuEjrTQawao=,DUuMkxrm1ScyD92d7EeB722QoQo=
7,36,ufC2ccWn++tPHQ7APo6oRv45AVc=,DUuMkxrm1ScyD92d7EeB722QoQo=
6,37,ufC2ccWn++tPHQ7APo6oRv45AVc=,DUuMkxrm1ScyD92d7EeB722QoQo=
2,38,ufC2ccWn++tPHQ7APo6oRv45AVc=,zBfXlXgE3IC3Po6tHIxXfOFKBwA=
6,36,ufC2ccWn++tPHQ7APo6oRv45AVc=,DUuMkxrm1ScyD92d7EeB722QoQo=
6,35,ufC2ccWn++tPHQ7APo6oRv45AVc=,DUuMkxrm1ScyD92d7EeB722QoQo=
7,34,yA3YC0/y5Vw2Vt5jpz9i0/e7EOc=,DUuMkxrm1ScyD92d7EeB722QoQo=
5,41,yA3YC0/y5Vw2Vt5jpz9i0/e7EOc=,saNeL9UejkUz2sDKqnNzQmJwMtI=
2,41,yA3YC0/y5Vw2Vt5jpz9i0/e7EOc=,saNeL9UejkUz2sDKqnNzQmJwMtI=
3,40,yA3YC0/y5Vw2Vt5jpz9i0/e7EOc=,saNeL9UejkUz2sDKqnNzQmJwMtI=
5,40,yA3YC0/y5Vw2Vt5jpz9i0/e7EOc=,saNeL9UejkUz2sDKqnNzQmJwMtI=
5,39,yA3YC0/y5Vw2Vt5jpz9i0/e7EOc=,DUuMkxrm1ScyD92d7EeB722QoQo=
3,38,yA3YC0/y5Vw2Vt5jpz9i0/e7EOc=,zBfXlXgE3IC3Po6tHIxXfOFKBwA=
5,38,/b4HUqu2OpUTPUtvGJMD3pPMxRY=,DUuMkxrm1ScyD92d7EeB722QoQo=
6,34,/b4HUqu2OpUTPUtvGJMD3pPMxRY=,DUuMkxrm1ScyD92d7EeB722QoQo=
3,39,/b4HUqu2OpUTPUtvGJMD3pPMxRY=,zBfXlXgE3IC3Po6tHIxXfOFKBwA=
3,41,/b4HUqu2OpUTPUtvGJMD3pPMxRY=,saNeL9UejkUz2sDKqnNzQmJwMtI=
4,39,/b4HUqu2OpUTPUtvGJMD3pPMxRY=,DUuMkxrm1ScyD92d7EeB722QoQo=
4,41,/b4HUqu2OpUTPUtvGJMD3pPMxRY=,saNeL9UejkUz2sDKqnNzQmJwMtI=
4,38,/b4HUqu2OpUTPUtvGJMD3pPMxRY=,DUuMkxrm1ScyD92d7EeB722QoQo=
4,40,/b4HUqu2OpUTPUtvGJMD3pPMxRY=,saNeL9UejkUz2sDKqnNzQmJwMtI=
2,40,/b4HUqu2OpUTPUtvGJMD3pPMxRY=,saNeL9UejkUz2sDKqnNzQmJwMtI=
2,39,/b4HUqu2OpUTPUtvGJMD3pPMxRY=,zBfXlXgE3IC3Po6tHIxXfOFKBwA=
1,43,RhYvO0sSzhdurqG11Xp7vxnr1oI=,saNeL9UejkUz2sDKqnNzQmJwMtI=
2,43,RhYvO0sSzhdurqG11Xp7vxnr1oI=,saNeL9UejkUz2sDKqnNzQmJwMtI=
0,43,I8+vp9xsGPLFZlVnR72aRl9p07Q=,saNeL9UejkUz2sDKqnNzQmJwMtI=
11,38,jAQyDb3eEHavrMeZ1i9RjaW09AE=,saNeL9UejkUz2sDKqnNzQmJwMtI=
11,41,jAQyDb3eEHavrMeZ1i9RjaW09AE=,OiM/RrJ06N/DuX9jbM59TnGTOw8=
11,39,jAQyDb3eEHavrMeZ1i9RjaW09AE=,saNeL9UejkUz2sDKqnNzQmJwMtI=
11,42,jAQyDb3eEHavrMeZ1i9RjaW09AE=,OiM/RrJ06N/DuX9jbM59TnGTOw8=
11,40,nma8GF6/kM8PuQrhfuRyYImjCbk=,OiM/RrJ06N/DuX9jbM59TnGTOw8=
8,32,nma8GF6/kM8PuQrhfuRyYImjCbk=,saNeL9UejkUz2sDKqnNzQmJwMtI=
9,32,nma8GF6/kM8PuQrhfuRyYImjCbk=,saNeL9UejkUz2sDKqnNzQmJwMtI=
10,32,nma8GF6/kM8PuQrhfuRyYImjCbk=,saNeL9UejkUz2sDKqnNzQmJwMtI=
0,42,nma8GF6/kM8PuQrhfuRyYImjCbk=,saNeL9UejkUz2sDKqnNzQmJwMtI=
1,41,nma8GF6/kM8PuQrhfuRyYImjCbk=,saNeL9UejkUz2sDKqnNzQmJwMtI=
11,37,nma8GF6/kM8PuQrhfuRyYImjCbk=,saNeL9UejkUz2sDKqnNzQmJwMtI=
11,33,nma8GF6/kM8PuQrhfuRyYImjCbk=,saNeL9UejkUz2sDKqnNzQmJwMtI=
11,34,nma8GF6/kM8PuQrhfuRyYImjCbk=,saNeL9UejkUz2sDKqnNzQmJwMtI=
11,35,nma8GF6/kM8PuQrhfuRyYImjCbk=,saNeL9UejkUz2sDKqnNzQmJwMtI=
11,36,nma8GF6/kM8PuQrhfuRyYImjCbk=,saNeL9UejkUz2sDKqnNzQmJwMtI=
4,43,nma8GF6/kM8PuQrhfuRyYImjCbk=,saNeL9UejkUz2sDKqnNzQmJwMtI=
5,43,nma8GF6/kM8PuQrhfuRyYImjCbk=,saNeL9UejkUz2sDKqnNzQmJwMtI=
6,43,nma8GF6/kM8PuQrhfuRyYImjCbk=,saNeL9UejkUz2sDKqnNzQmJwMtI=
3,43,nma8GF6/kM8PuQrhfuRyYImjCbk=,saNeL9UejkUz2sDKqnNzQmJwMtI=
8,43,nma8GF6/kM8PuQrhfuRyYImjCbk=,OiM/RrJ06N/DuX9jbM59TnGTOw8=
9,43,nma8GF6/kM8PuQrhfuRyYImjCbk=,OiM/RrJ06N/DuX9jbM59TnGTOw8=
7,43,nma8GF6/kM8PuQrhfuRyYImjCbk=,saNeL9UejkUz2sDKqnNzQmJwMtI=
10,43,nma8GF6/kM8PuQrhfuRyYImjCbk=,OiM/RrJ06N/DuX9jbM59TnGTOw8=
11,43,nma8GF6/kM8PuQrhfuRyYImjCbk=,OiM/RrJ06N/DuX9jbM59TnGTOw8=
11,32,nma8GF6/kM8PuQrhfuRyYImjCbk=,saNeL9UejkUz2sDKqnNzQmJwMtI=
0,41,nma8GF6/kM8PuQrhfuRyYImjCbk=,saNeL9UejkUz2sDKqnNzQmJwMtI=
6,32,nma8GF6/kM8PuQrhfuRyYImjCbk=,DUuMkxrm1ScyD92d7EeB722QoQo=
7,32,nma8GF6/kM8PuQrhfuRyYImjCbk=,DUuMkxrm1ScyD92d7EeB722QoQo=
7,33,nma8GF6/kM8PuQrhfuRyYImjCbk=,DUuMkxrm1ScyD92d7EeB722QoQo=
0,40,nma8GF6/kM8PuQrhfuRyYImjCbk=,saNeL9UejkUz2sDKqnNzQmJwMtI=
0,39,nma8GF6/kM8PuQrhfuRyYImjCbk=,zBfXlXgE3IC3Po6tHIxXfOFKBwA=
6,33,nma8GF6/kM8PuQrhfuRyYImjCbk=,DUuMkxrm1ScyD92d7EeB722QoQo=
1,38,nma8GF6/kM8PuQrhfuRyYImjCbk=,zBfXlXgE3IC3Po6tHIxXfOFKBwA=
1,39,nma8GF6/kM8PuQrhfuRyYImjCbk=,zBfXlXgE3IC3Po6tHIxXfOFKBwA=
0,38,nma8GF6/kM8PuQrhfuRyYImjCbk=,zBfXlXgE3IC3Po6tHIxXfOFKBwA=
1,40,nma8GF6/kM8PuQrhfuRyYImjCbk=,saNeL9UejkUz2sDKqnNzQmJwMtI=
4,35,nma8GF6/kM8PuQrhfuRyYImjCbk=,DUuMkxrm1ScyD92d7EeB722QoQo=
3,36,lPtmLHkDP+eK/W2Apm0f9IyIT1w=,zBfXlXgE3IC3Po6tHIxXfOFKBwA=
4,36,lPtmLHkDP+eK/W2Apm0f9IyIT1w=,DUuMkxrm1ScyD92d7EeB722QoQo=
0,33,C4wXoGDxpvq+VzNG9um4WQAYIIg=,oNgHAXu1HN0d5R549GknMNEPiZE=
5,36,C4wXoGDxpvq+VzNG9um4WQAYIIg=,DUuMkxrm1ScyD92d7EeB722QoQo=
5,33,C4wXoGDxpvq+VzNG9um4WQAYIIg=,DUuMkxrm1ScyD92d7EeB722QoQo=
4,32,C4wXoGDxpvq+VzNG9um4WQAYIIg=,DUuMkxrm1ScyD92d7EeB722QoQo=
0,37,C4wXoGDxpvq+VzNG9um4WQAYIIg=,zBfXlXgE3IC3Po6tHIxXfOFKBwA=
5,37,C4wXoGDxpvq+VzNG9um4WQAYIIg=,DUuMkxrm1ScyD92d7EeB722QoQo=
0,34,LJfhzScriGTWIpV1OWqzZ8OHE5c=,oNgHAXu1HN0d5R549GknMNEPiZE=
3,33,LJfhzScriGTWIpV1OWqzZ8OHE5c=,oNgHAXu1HN0d5R549GknMNEPiZE=
1,33,LJfhzScriGTWIpV1OWqzZ8OHE5c=,oNgHAXu1HN0d5R549GknMNEPiZE=
3,37,LJfhzScriGTWIpV1OWqzZ8OHE5c=,zBfXlXgE3IC3Po6tHIxXfOFKBwA=
4,37,LJfhzScriGTWIpV1OWqzZ8OHE5c=,DUuMkxrm1ScyD92d7EeB722QoQo=
5,34,LJfhzScriGTWIpV1OWqzZ8OHE5c=,DUuMkxrm1ScyD92d7EeB722QoQo=
1,37,LJfhzScriGTWIpV1OWqzZ8OHE5c=,zBfXlXgE3IC3Po6tHIxXfOFKBwA=
4,33,LJfhzScriGTWIpV1OWqzZ8OHE5c=,DUuMkxrm1ScyD92d7EeB722QoQo=
1,32,LJfhzScriGTWIpV1OWqzZ8OHE5c=,oNgHAXu1HN0d5R549GknMNEPiZE=
2,37,LJfhzScriGTWIpV1OWqzZ8OHE5c=,zBfXlXgE3IC3Po6tHIxXfOFKBwA=
5,35,LJfhzScriGTWIpV1OWqzZ8OHE5c=,DUuMkxrm1ScyD92d7EeB722QoQo=
5,32,LJfhzScriGTWIpV1OWqzZ8OHE5c=,DUuMkxrm1ScyD92d7EeB722QoQo=
1,36,LJfhzScriGTWIpV1OWqzZ8OHE5c=,zBfXlXgE3IC3Po6tHIxXfOFKBwA=
0,35,LJfhzScriGTWIpV1OWqzZ8OHE5c=,oNgHAXu1HN0d5R549GknMNEPiZE=
2,36,LJfhzScriGTWIpV1OWqzZ8OHE5c=,zBfXlXgE3IC3Po6tHIxXfOFKBwA=
1,35,LJfhzScriGTWIpV1OWqzZ8OHE5c=,oNgHAXu1HN0d5R549GknMNEPiZE=
2,33,LJfhzScriGTWIpV1OWqzZ8OHE5c=,oNgHAXu1HN0d5R549GknMNEPiZE=
1,34,LJfhzScriGTWIpV1OWqzZ8OHE5c=,oNgHAXu1HN0d5R549GknMNEPiZE=
2,35,LJfhzScriGTWIpV1OWqzZ8OHE5c=,oNgHAXu1HN0d5R549GknMNEPiZE=
3,35,LJfhzScriGTWIpV1OWqzZ8OHE5c=,oNgHAXu1HN0d5R549GknMNEPiZE=
3,32,LJfhzScriGTWIpV1OWqzZ8OHE5c=,oNgHAXu1HN0d5R549GknMNEPiZE=
0,36,LJfhzScriGTWIpV1OWqzZ8OHE5c=,zBfXlXgE3IC3Po6tHIxXfOFKBwA=
0,32,LJfhzScriGTWIpV1OWqzZ8OHE5c=,oNgHAXu1HN0d5R549GknMNEPiZE=
2,32,LJfhzScriGTWIpV1OWqzZ8OHE5c=,oNgHAXu1HN0d5R549GknMNEPiZE=
2,34,LJfhzScriGTWIpV1OWqzZ8OHE5c=,oNgHAXu1HN0d5R549GknMNEPiZE=
4,34,LJfhzScriGTWIpV1OWqzZ8OHE5c=,DUuMkxrm1ScyD92d7EeB722QoQo=
3,34,LJfhzScriGTWIpV1OWqzZ8OHE5c=,oNgHAXu1HN0d5R549GknMNEPiZE=
