-12,-43,qR7zLKlrlB+WukxZ/G2J3XPGe3Y=,xHO53mXU1jntH9RH3sZxqV6FQXc=
-11,-43,qR7zLKlrlB+WukxZ/G2J3XPGe3Y=,xHO53mXU1jntH9RH3sZxqV6FQXc=
-10,-43,mTh3wEWgivJ/ro7p0wT72ObRX28=,xHO53mXU1jntH9RH3sZxqV6FQXc=
-13,-43,mTh3wEWgivJ/ro7p0wT72ObRX28=,xHO53mXU1jntH9RH3sZxqV6FQXc=
-14,-43,TqVsdnOVDKF3/W1L3psK1FMGmr4=,xHO53mXU1jntH9RH3sZxqV6FQXc=
-15,-43,TqVsdnOVDKF3/W1L3psK1FMGmr4=,xHO53mXU1jntH9RH3sZxqV6FQXc=
-12,-44,TqVsdnOVDKF3/W1L3psK1FMGmr4=,xHO53mXU1jntH9RH3sZxqV6FQXc=
-14,-44,TqVsdnOVDKF3/W1L3psK1FMGmr4=,xHO53mXU1jntH9RH3sZxqV6FQXc=
-13,-44,TqVsdnOVDKF3/W1L3psK1FMGmr4=,xHO53mXU1jntH9RH3sZxqV6FQXc=
-15,-44,TqVsdnOVDKF3/W1L3psK1FMGmr4=,xHO53mXU1jntH9RH3sZxqV6FQXc=
-11,-44,TqVsdnOVDKF3/W1L3psK1FMGmr4=,xHO53mXU1jntH9RH3sZxqV6FQXc=
-10,-44,TqVsdnOVDKF3/W1L3psK1FMGmr4=,xHO53mXU1jntH9RH3sZxqV6FQXc=
-12,-45,TqVsdnOVDKF3/W1L3psK1FMGmr4=,xHO53mXU1jntH9RH3sZxqV6FQXc=
-13,-45,TqVsdnOVDKF3/W1L3psK1FMGmr4=,xHO53mXU1jntH9RH3sZxqV6FQXc=
-14,-45,SNG8ByPzyD2j8/z9LFX41Jj9sVg=,xHO53mXU1jntH9RH3sZxqV6FQXc=
-15,-45,SNG8ByPzyD2j8/z9LFX41Jj9sVg=,xHO53mXU1jntH9RH3sZxqV6FQXc=
-13,-46,SNG8ByPzyD2j8/z9LFX41Jj9sVg=,xHO53mXU1jntH9RH3sZxqV6FQXc=
-10,-45,SNG8ByPzyD2j8/z9LFX41Jj9sVg=,xHO53mXU1jntH9RH3sZxqV6FQXc=
-14,-46,SNG8ByPzyD2j8/z9LFX41Jj9sVg=,xHO53mXU1jntH9RH3sZxqV6FQXc=
-15,-46,SNG8ByPzyD2j8/z9LFX41Jj9sVg=,xHO53mXU1jntH9RH3sZxqV6FQXc=
-11,-45,SNG8ByPzyD2j8/z9LFX41Jj9sVg=,xHO53mXU1jntH9RH3sZxqV6FQXc=
-11,-46,KGHWSoKxTyJS/OLYYieCm4C2rxs=,xHO53mXU1jntH9RH3sZxqV6FQXc=
-12,-46,KGHWSoKxTyJS/OLYYieCm4C2rxs=,xHO53mXU1jntH9RH3sZxqV6FQXc=
-10,-46,KGHWSoKxTyJS/OLYYieCm4C2rxs=,xHO53mXU1jntH9RH3sZxqV6FQXc=
-12,-47,KGHWSoKxTyJS/OLYYieCm4C2rxs=,xHO53mXU1jntH9RH3sZxqV6FQXc=
-11,-47,KGHWSoKxTyJS/OLYYieCm4C2rxs=,xHO53mXU1jntH9RH3sZxqV6FQXc=
-10,-47,KGHWSoKxTyJS/OLYYieCm4C2rxs=,xHO53mXU1jntH9RH3sZxqV6FQXc=
-13,-47,KGHWSoKxTyJS/OLYYieCm4C2rxs=,xHO53mXU1jntH9RH3sZxqV6FQXc=
-14,-47,KGHWSoKxTyJS/OLYYieCm4C2rxs=,xHO53mXU1jntH9RH3sZxqV6FQXc=
-15,-47,KGHWSoKxTyJS/OLYYieCm4C2rxs=,xHO53mXU1jntH9RH3sZxqV6FQXc=
-11,-42,KGHWSoKxTyJS/OLYYieCm4C2rxs=,xHO53mXU1jntH9RH3sZxqV6FQXc=
-12,-42,KGHWSoKxTyJS/OLYYieCm4C2rxs=,xHO53mXU1jntH9RH3sZxqV6FQXc=
-13,-42,KGHWSoKxTyJS/OLYYieCm4C2rxs=,xHO53mXU1jntH9RH3sZxqV6FQXc=
-14,-42,KGHWSoKxTyJS/OLYYieCm4C2rxs=,xHO53mXU1jntH9RH3sZxqV6FQXc=
-15,-42,KGHWSoKxTyJS/OLYYieCm4C2rxs=,xHO53mXU1jntH9RH3sZxqV6FQXc=
-10,-42,KGHWSoKxTyJS/OLYYieCm4C2rxs=,xHO53mXU1jntH9RH3sZxqV6FQXc=
-4,-33,KGHWSoKxTyJS/OLYYieCm4C2rxs=,WpZN20V2a1O9VQTdECRFkIcD4YQ=
-3,-33,KGHWSoKxTyJS/OLYYieCm4C2rxs=,WpZN20V2a1O9VQTdECRFkIcD4YQ=
-2,-33,KGHWSoKxTyJS/OLYYieCm4C2rxs=,WpZN20V2a1O9VQTdECRFkIcD4YQ=
-4,-38,KGHWSoKxTyJS/OLYYieCm4C2rxs=,WpZN20V2a1O9VQTdECRFkIcD4YQ=
-6,-36,KGHWSoKxTyJS/OLYYieCm4C2rxs=,WpZN20V2a1O9VQTdECRFkIcD4YQ=
-6,-37,KGHWSoKxTyJS/OLYYieCm4C2rxs=,WpZN20V2a1O9VQTdECRFkIcD4YQ=
-6,-35,KGHWSoKxTyJS/OLYYieCm4C2rxs=,WpZN20V2a1O9VQTdECRFkIcD4YQ=
-4,-35,KGHWSoKxTyJS/OLYYieCm4C2rxs=,WpZN20V2a1O9VQTdECRFkIcD4YQ=
-5,-35,KGHWSoKxTyJS/OLYYieCm4C2rxs=,WpZN20V2a1O9VQTdECRFkIcD4YQ=
-4,-39,KGHWSoKxTyJS/OLYYieCm4C2rxs=,WpZN20V2a1O9VQTdECRFkIcD4YQ=
-3,-35,KGHWSoKxTyJS/OLYYieCm4C2rxs=,WpZN20V2a1O9VQTdECRFkIcD4YQ=
-2,-35,KGHWSoKxTyJS/OLYYieCm4C2rxs=,WpZN20V2a1O9VQTdECRFkIcD4YQ=
-7,-39,KGHWSoKxTyJS/OLYYieCm4C2rxs=,WpZN20V2a1O9VQTdECRFkIcD4YQ=
-3,-39,KGHWSoKxTyJS/OLYYieCm4C2rxs=,WpZN20V2a1O9VQTdECRFkIcD4YQ=
-6,-39,KGHWSoKxTyJS/OLYYieCm4C2rxs=,WpZN20V2a1O9VQTdECRFkIcD4YQ=
-5,-33,KGHWSoKxTyJS/OLYYieCm4C2rxs=,WpZN20V2a1O9VQTdECRFkIcD4YQ=
-2,-39,KGHWSoKxTyJS/OLYYieCm4C2rxs=,WpZN20V2a1O9VQTdECRFkIcD4YQ=
-3,-37,KGHWSoKxTyJS/OLYYieCm4C2rxs=,WpZN20V2a1O9VQTdECRFkIcD4YQ=
-4,-37,KGHWSoKxTyJS/OLYYieCm4C2rxs=,WpZN20V2a1O9VQTdECRFkIcD4YQ=
-5,-37,KGHWSoKxTyJS/OLYYieCm4C2rxs=,WpZN20V2a1O9VQTdECRFkIcD4YQ=
-6,-33,KGHWSoKxTyJS/OLYYieCm4C2rxs=,WpZN20V2a1O9VQTdECRFkIcD4YQ=
-2,-37,KGHWSoKxTyJS/OLYYieCm4C2rxs=,WpZN20V2a1O9VQTdECRFkIcD4YQ=
-5,-36,KGHWSoKxTyJS/OLYYieCm4C2rxs=,WpZN20V2a1O9VQTdECRFkIcD4YQ=
-7,-35,KGHWSoKxTyJS/OLYYieCm4C2rxs=,WpZN20V2a1O9VQTdECRFkIcD4YQ=
-7,-36,KGHWSoKxTyJS/OLYYieCm4C2rxs=,WpZN20V2a1O9VQTdECRFkIcD4YQ=
-3,-38,KGHWSoKxTyJS/OLYYieCm4C2rxs=,WpZN20V2a1O9VQTdECRFkIcD4YQ=
-7,-37,KGHWSoKxTyJS/OLYYieCm4C2rxs=,WpZN20V2a1O9VQTdECRFkIcD4YQ=
-7,-34,KGHWSoKxTyJS/OLYYieCm4C2rxs=,WpZN20V2a1O9VQTdECRFkIcD4YQ=
-4,-36,KGHWSoKxTyJS/OLYYieCm4C2rxs=,WpZN20V2a1O9VQTdECRFkIcD4YQ=
-7,-33,KGHWSoKxTyJS/OLYYieCm4C2rxs=,WpZN20V2a1O9VQTdECRFkIcD4YQ=
-5,-39,KGHWSoKxTyJS/OLYYieCm4C2rxs=,WpZN20V2a1O9VQTdECRFkIcD4YQ=
-7,-38,KGHWSoKxTyJS/OLYYieCm4C2rxs=,WpZN20V2a1O9VQTdECRFkIcD4YQ=
-5,-38,KGHWSoKxTyJS/OLYYieCm4C2rxs=,WpZN20V2a1O9VQTdECRFkIcD4YQ=
-6,-38,KGHWSoKxTyJS/OLYYieCm4C2rxs=,WpZN20V2a1O9VQTdECRFkIcD4YQ=
-3,-36,KGHWSoKxTyJS/OLYYieCm4C2rxs=,WpZN20V2a1O9VQTdECRFkIcD4YQ=
-4,-34,KGHWSoKxTyJS/OLYYieCm4C2rxs=,WpZN20V2a1O9VQTdECRFkIcD4YQ=
-2,-34,KGHWSoKxTyJS/OLYYieCm4C2rxs=,WpZN20V2a1O9VQTdECRFkIcD4YQ=
-2,-38,KGHWSoKxTyJS/OLYYieCm4C2rxs=,WpZN20V2a1O9VQTdECRFkIcD4YQ=
-5,-34,KGHWSoKxTyJS/OLYYieCm4C2rxs=,WpZN20V2a1O9VQTdECRFkIcD4YQ=
-2,-36,KGHWSoKxTyJS/OLYYieCm4C2rxs=,WpZN20V2a1O9VQTdECRFkIcD4YQ=
-6,-34,KGHWSoKxTyJS/OLYYieCm4C2rxs=,WpZN20V2a1O9VQTdECRFkIcD4YQ=
-1,-35,KGHWSoKxTyJS/OLYYieCm4C2rxs=,WpZN20V2a1O9VQTdECRFkIcD4YQ=
-1,-39,KGHWSoKxTyJS/OLYYieCm4C2rxs=,WpZN20V2a1O9VQTdECRFkIcD4YQ=
-1,-34,KGHWSoKxTyJS/OLYYieCm4C2rxs=,WpZN20V2a1O9VQTdECRFkIcD4YQ=
-1,-38,KGHWSoKxTyJS/OLYYieCm4C2rxs=,WpZN20V2a1O9VQTdECRFkIcD4YQ=
-1,-37,KGHWSoKxTyJS/OLYYieCm4C2rxs=,WpZN20V2a1O9VQTdECRFkIcD4YQ=
-1,-36,KGHWSoKxTyJS/OLYYieCm4C2rxs=,WpZN20V2a1O9VQTdECRFkIcD4YQ=
-16,-42,KGHWSoKxTyJS/OLYYieCm4C2rxs=,xHO53mXU1jntH9RH3sZxqV6FQXc=
-16,-47,KGHWSoKxTyJS/OLYYieCm4C2rxs=,xHO53mXU1jntH9RH3sZxqV6FQXc=
-16,-46,KGHWSoKxTyJS/OLYYieCm4C2rxs=,xHO53mXU1jntH9RH3sZxqV6FQXc=
-16,-45,KGHWSoKxTyJS/OLYYieCm4C2rxs=,xHO53mXU1jntH9RH3sZxqV6FQXc=
-16,-44,KGHWSoKxTyJS/OLYYieCm4C2rxs=,xHO53mXU1jntH9RH3sZxqV6FQXc=
-16,-43,KGHWSoKxTyJS/OLYYieCm4C2rxs=,xHO53mXU1jntH9RH3sZxqV6FQXc=
-15,-48,KGHWSoKxTyJS/OLYYieCm4C2rxs=,xHO53mXU1jntH9RH3sZxqV6FQXc=
-14,-48,KGHWSoKxTyJS/OLYYieCm4C2rxs=,xHO53mXU1jntH9RH3sZxqV6FQXc=
-13,-48,KGHWSoKxTyJS/OLYYieCm4C2rxs=,xHO53mXU1jntH9RH3sZxqV6FQXc=
-12,-48,KGHWSoKxTyJS/OLYYieCm4C2rxs=,xHO53mXU1jntH9RH3sZxqV6FQXc=
-10,-48,KGHWSoKxTyJS/OLYYieCm4C2rxs=,xHO53mXU1jntH9RH3sZxqV6FQXc=
-11,-48,KGHWSoKxTyJS/OLYYieCm4C2rxs=,xHO53mXU1jntH9RH3sZxqV6FQXc=
-3,-34,KGHWSoKxTyJS/OLYYieCm4C2rxs=,WpZN20V2a1O9VQTdECRFkIcD4YQ=
-16,-48,KGHWSoKxTyJS/OLYYieCm4C2rxs=,xHO53mXU1jntH9RH3sZxqV6FQXc=
-1,-33,KGHWSoKxTyJS/OLYYieCm4C2rxs=,WpZN20V2a1O9VQTdECRFkIcD4YQ=
-7,-40,KGHWSoKxTyJS/OLYYieCm4C2rxs=,WpZN20V2a1O9VQTdECRFkIcD4YQ=
-4,-41,KGHWSoKxTyJS/OLYYieCm4C2rxs=,rzU0BaIkUAeXT8VG0Xflhdd7ilw=
-3,-41,KGHWSoKxTyJS/OLYYieCm4C2rxs=,rzU0BaIkUAeXT8VG0Xflhdd7ilw=
-6,-40,KGHWSoKxTyJS/OLYYieCm4C2rxs=,WpZN20V2a1O9VQTdECRFkIcD4YQ=
-5,-40,KGHWSoKxTyJS/OLYYieCm4C2rxs=,WpZN20V2a1O9VQTdECRFkIcD4YQ=
-2,-41,KGHWSoKxTyJS/OLYYieCm4C2rxs=,rzU0BaIkUAeXT8VG0Xflhdd7ilw=
-1,-41,KGHWSoKxTyJS/OLYYieCm4C2rxs=,rzU0BaIkUAeXT8VG0Xflhdd7ilw=
-8,-48,KGHWSoKxTyJS/OLYYieCm4C2rxs=,rzU0BaIkUAeXT8VG0Xflhdd7ilw=
-9,-43,KGHWSoKxTyJS/OLYYieCm4C2rxs=,xHO53mXU1jntH9RH3sZxqV6FQXc=
-5,-41,KGHWSoKxTyJS/OLYYieCm4C2rxs=,rzU0BaIkUAeXT8VG0Xflhdd7ilw=
-7,-48,KGHWSoKxTyJS/OLYYieCm4C2rxs=,rzU0BaIkUAeXT8VG0Xflhdd7ilw=
-6,-41,KGHWSoKxTyJS/OLYYieCm4C2rxs=,rzU0BaIkUAeXT8VG0Xflhdd7ilw=
-9,-44,KGHWSoKxTyJS/OLYYieCm4C2rxs=,xHO53mXU1jntH9RH3sZxqV6FQXc=
-9,-48,KGHWSoKxTyJS/OLYYieCm4C2rxs=,xHO53mXU1jntH9RH3sZxqV6FQXc=
-1,-40,KGHWSoKxTyJS/OLYYieCm4C2rxs=,WpZN20V2a1O9VQTdECRFkIcD4YQ=
-7,-41,KGHWSoKxTyJS/OLYYieCm4C2rxs=,rzU0BaIkUAeXT8VG0Xflhdd7ilw=
-1,-42,KGHWSoKxTyJS/OLYYieCm4C2rxs=,rzU0BaIkUAeXT8VG0Xflhdd7ilw=
-4,-42,KGHWSoKxTyJS/OLYYieCm4C2rxs=,rzU0BaIkUAeXT8VG0Xflhdd7ilw=
-5,-42,KGHWSoKxTyJS/OLYYieCm4C2rxs=,rzU0BaIkUAeXT8VG0Xflhdd7ilw=
-6,-42,KGHWSoKxTyJS/OLYYieCm4C2rxs=,rzU0BaIkUAeXT8VG0Xflhdd7ilw=
-3,-42,KGHWSoKxTyJS/OLYYieCm4C2rxs=,rzU0BaIkUAeXT8VG0Xflhdd7ilw=
-6,-48,KGHWSoKxTyJS/OLYYieCm4C2rxs=,rzU0BaIkUAeXT8VG0Xflhdd7ilw=
-2,-42,KGHWSoKxTyJS/OLYYieCm4C2rxs=,rzU0BaIkUAeXT8VG0Xflhdd7ilw=
-2,-40,KGHWSoKxTyJS/OLYYieCm4C2rxs=,WpZN20V2a1O9VQTdECRFkIcD4YQ=
-7,-42,KGHWSoKxTyJS/OLYYieCm4C2rxs=,rzU0BaIkUAeXT8VG0Xflhdd7ilw=
-5,-48,KGHWSoKxTyJS/OLYYieCm4C2rxs=,rzU0BaIkUAeXT8VG0Xflhdd7ilw=
-4,-48,KGHWSoKxTyJS/OLYYieCm4C2rxs=,rzU0BaIkUAeXT8VG0Xflhdd7ilw=
-4,-40,KGHWSoKxTyJS/OLYYieCm4C2rxs=,WpZN20V2a1O9VQTdECRFkIcD4YQ=
-3,-40,KGHWSoKxTyJS/OLYYieCm4C2rxs=,WpZN20V2a1O9VQTdECRFkIcD4YQ=
-3,-48,KGHWSoKxTyJS/OLYYieCm4C2rxs=,rzU0BaIkUAeXT8VG0Xflhdd7ilw=
-8,-42,KGHWSoKxTyJS/OLYYieCm4C2rxs=,rzU0BaIkUAeXT8VG0Xflhdd7ilw=
-1,-43,KGHWSoKxTyJS/OLYYieCm4C2rxs=,rzU0BaIkUAeXT8VG0Xflhdd7ilw=
-9,-45,KGHWSoKxTyJS/OLYYieCm4C2rxs=,xHO53mXU1jntH9RH3sZxqV6FQXc=
-2,-43,KGHWSoKxTyJS/OLYYieCm4C2rxs=,rzU0BaIkUAeXT8VG0Xflhdd7ilw=
-6,-43,KGHWSoKxTyJS/OLYYieCm4C2rxs=,rzU0BaIkUAeXT8VG0Xflhdd7ilw=
-3,-43,KGHWSoKxTyJS/OLYYieCm4C2rxs=,rzU0BaIkUAeXT8VG0Xflhdd7ilw=
-5,-43,KGHWSoKxTyJS/OLYYieCm4C2rxs=,rzU0BaIkUAeXT8VG0Xflhdd7ilw=
-4,-43,KGHWSoKxTyJS/OLYYieCm4C2rxs=,rzU0BaIkUAeXT8VG0Xflhdd7ilw=
-7,-43,KGHWSoKxTyJS/OLYYieCm4C2rxs=,rzU0BaIkUAeXT8VG0Xflhdd7ilw=
-2,-48,KGHWSoKxTyJS/OLYYieCm4C2rxs=,rzU0BaIkUAeXT8VG0Xflhdd7ilw=
-9,-46,KGHWSoKxTyJS/OLYYieCm4C2rxs=,xHO53mXU1jntH9RH3sZxqV6FQXc=
-1,-44,KGHWSoKxTyJS/OLYYieCm4C2rxs=,rzU0BaIkUAeXT8VG0Xflhdd7ilw=
-2,-44,KGHWSoKxTyJS/OLYYieCm4C2rxs=,rzU0BaIkUAeXT8VG0Xflhdd7ilw=
-3,-44,KGHWSoKxTyJS/OLYYieCm4C2rxs=,rzU0BaIkUAeXT8VG0Xflhdd7ilw=
-8,-43,KGHWSoKxTyJS/OLYYieCm4C2rxs=,rzU0BaIkUAeXT8VG0Xflhdd7ilw=
-7,-44,KGHWSoKxTyJS/OLYYieCm4C2rxs=,rzU0BaIkUAeXT8VG0Xflhdd7ilw=
-1,-48,KGHWSoKxTyJS/OLYYieCm4C2rxs=,rzU0BaIkUAeXT8VG0Xflhdd7ilw=
-9,-47,KGHWSoKxTyJS/OLYYieCm4C2rxs=,xHO53mXU1jntH9RH3sZxqV6FQXc=
-6,-44,KGHWSoKxTyJS/OLYYieCm4C2rxs=,rzU0BaIkUAeXT8VG0Xflhdd7ilw=
-4,-44,KGHWSoKxTyJS/OLYYieCm4C2rxs=,rzU0BaIkUAeXT8VG0Xflhdd7ilw=
-5,-44,KGHWSoKxTyJS/OLYYieCm4C2rxs=,rzU0BaIkUAeXT8VG0Xflhdd7ilw=
-3,-45,KGHWSoKxTyJS/OLYYieCm4C2rxs=,rzU0BaIkUAeXT8VG0Xflhdd7ilw=
-8,-44,KGHWSoKxTyJS/OLYYieCm4C2rxs=,rzU0BaIkUAeXT8VG0Xflhdd7ilw=
-1,-45,KGHWSoKxTyJS/OLYYieCm4C2rxs=,rzU0BaIkUAeXT8VG0Xflhdd7ilw=
-8,-47,KGHWSoKxTyJS/OLYYieCm4C2rxs=,rzU0BaIkUAeXT8VG0Xflhdd7ilw=
-2,-45,KGHWSoKxTyJS/OLYYieCm4C2rxs=,rzU0BaIkUAeXT8VG0Xflhdd7ilw=
-9,-42,KGHWSoKxTyJS/OLYYieCm4C2rxs=,xHO53mXU1jntH9RH3sZxqV6FQXc=
-4,-45,KGHWSoKxTyJS/OLYYieCm4C2rxs=,rzU0BaIkUAeXT8VG0Xflhdd7ilw=
-6,-45,KGHWSoKxTyJS/OLYYieCm4C2rxs=,rzU0BaIkUAeXT8VG0Xflhdd7ilw=
-5,-45,KGHWSoKxTyJS/OLYYieCm4C2rxs=,rzU0BaIkUAeXT8VG0Xflhdd7ilw=
-7,-45,KGHWSoKxTyJS/OLYYieCm4C2rxs=,rzU0BaIkUAeXT8VG0Xflhdd7ilw=
-3,-46,KGHWSoKxTyJS/OLYYieCm4C2rxs=,rzU0BaIkUAeXT8VG0Xflhdd7ilw=
-8,-45,KGHWSoKxTyJS/OLYYieCm4C2rxs=,rzU0BaIkUAeXT8VG0Xflhdd7ilw=
-7,-47,KGHWSoKxTyJS/OLYYieCm4C2rxs=,rzU0BaIkUAeXT8VG0Xflhdd7ilw=
-4,-46,KGHWSoKxTyJS/OLYYieCm4C2rxs=,rzU0BaIkUAeXT8VG0Xflhdd7ilw=
-2,-46,KGHWSoKxTyJS/OLYYieCm4C2rxs=,rzU0BaIkUAeXT8VG0Xflhdd7ilw=
-1,-46,KGHWSoKxTyJS/OLYYieCm4C2rxs=,rzU0BaIkUAeXT8VG0Xflhdd7ilw=
-5,-46,KGHWSoKxTyJS/OLYYieCm4C2rxs=,rzU0BaIkUAeXT8VG0Xflhdd7ilw=
-3,-47,KGHWSoKxTyJS/OLYYieCm4C2rxs=,rzU0BaIkUAeXT8VG0Xflhdd7ilw=
-6,-46,KGHWSoKxTyJS/OLYYieCm4C2rxs=,rzU0BaIkUAeXT8VG0Xflhdd7ilw=
-6,-47,KGHWSoKxTyJS/OLYYieCm4C2rxs=,rzU0BaIkUAeXT8VG0Xflhdd7ilw=
-7,-46,KGHWSoKxTyJS/OLYYieCm4C2rxs=,rzU0BaIkUAeXT8VG0Xflhdd7ilw=
-8,-46,KGHWSoKxTyJS/OLYYieCm4C2rxs=,rzU0BaIkUAeXT8VG0Xflhdd7ilw=
-2,-47,KGHWSoKxTyJS/OLYYieCm4C2rxs=,rzU0BaIkUAeXT8VG0Xflhdd7ilw=
-1,-47,KGHWSoKxTyJS/OLYYieCm4C2rxs=,rzU0BaIkUAeXT8VG0Xflhdd7ilw=
-4,-47,KGHWSoKxTyJS/OLYYieCm4C2rxs=,rzU0BaIkUAeXT8VG0Xflhdd7ilw=
-5,-47,KGHWSoKxTyJS/OLYYieCm4C2rxs=,rzU0BaIkUAeXT8VG0Xflhdd7ilw=
-8,-39,KGHWSoKxTyJS/OLYYieCm4C2rxs=,WpZN20V2a1O9VQTdECRFkIcD4YQ=
-8,-40,KGHWSoKxTyJS/OLYYieCm4C2rxs=,WpZN20V2a1O9VQTdECRFkIcD4YQ=
-10,-33,KGHWSoKxTyJS/OLYYieCm4C2rxs=,r1FVjJzoG1hy8dc8EnEeH9427Fc=
-9,-33,KGHWSoKxTyJS/OLYYieCm4C2rxs=,r1FVjJzoG1hy8dc8EnEeH9427Fc=
-13,-37,KGHWSoKxTyJS/OLYYieCm4C2rxs=,r1FVjJzoG1hy8dc8EnEeH9427Fc=
-11,-33,KGHWSoKxTyJS/OLYYieCm4C2rxs=,r1FVjJzoG1hy8dc8EnEeH9427Fc=
-16,-37,KGHWSoKxTyJS/OLYYieCm4C2rxs=,r1FVjJzoG1hy8dc8EnEeH9427Fc=
-8,-33,KGHWSoKxTyJS/OLYYieCm4C2rxs=,WpZN20V2a1O9VQTdECRFkIcD4YQ=
-12,-37,KGHWSoKxTyJS/OLYYieCm4C2rxs=,r1FVjJzoG1hy8dc8EnEeH9427Fc=
-14,-37,KGHWSoKxTyJS/OLYYieCm4C2rxs=,r1FVjJzoG1hy8dc8EnEeH9427Fc=
-9,-38,KGHWSoKxTyJS/OLYYieCm4C2rxs=,r1FVjJzoG1hy8dc8EnEeH9427Fc=
-15,-37,KGHWSoKxTyJS/OLYYieCm4C2rxs=,r1FVjJzoG1hy8dc8EnEeH9427Fc=
-10,-38,KGHWSoKxTyJS/OLYYieCm4C2rxs=,r1FVjJzoG1hy8dc8EnEeH9427Fc=
-11,-38,KGHWSoKxTyJS/OLYYieCm4C2rxs=,r1FVjJzoG1hy8dc8EnEeH9427Fc=
-8,-37,KGHWSoKxTyJS/OLYYieCm4C2rxs=,WpZN20V2a1O9VQTdECRFkIcD4YQ=
-12,-38,KGHWSoKxTyJS/OLYYieCm4C2rxs=,r1FVjJzoG1hy8dc8EnEeH9427Fc=
-11,-37,KGHWSoKxTyJS/OLYYieCm4C2rxs=,r1FVjJzoG1hy8dc8EnEeH9427Fc=
-13,-38,KGHWSoKxTyJS/OLYYieCm4C2rxs=,r1FVjJzoG1hy8dc8EnEeH9427Fc=
-14,-38,KGHWSoKxTyJS/OLYYieCm4C2rxs=,r1FVjJzoG1hy8dc8EnEeH9427Fc=
-15,-38,KGHWSoKxTyJS/OLYYieCm4C2rxs=,r1FVjJzoG1hy8dc8EnEeH9427Fc=
-8,-41,KGHWSoKxTyJS/OLYYieCm4C2rxs=,rzU0BaIkUAeXT8VG0Xflhdd7ilw=
-12,-33,KGHWSoKxTyJS/OLYYieCm4C2rxs=,r1FVjJzoG1hy8dc8EnEeH9427Fc=
-16,-38,KGHWSoKxTyJS/OLYYieCm4C2rxs=,r1FVjJzoG1hy8dc8EnEeH9427Fc=
-13,-33,KGHWSoKxTyJS/OLYYieCm4C2rxs=,r1FVjJzoG1hy8dc8EnEeH9427Fc=
-10,-37,KGHWSoKxTyJS/OLYYieCm4C2rxs=,r1FVjJzoG1hy8dc8EnEeH9427Fc=
-14,-33,KGHWSoKxTyJS/OLYYieCm4C2rxs=,r1FVjJzoG1hy8dc8EnEeH9427Fc=
-16,-33,KGHWSoKxTyJS/OLYYieCm4C2rxs=,r1FVjJzoG1hy8dc8EnEeH9427Fc=
-15,-33,KGHWSoKxTyJS/OLYYieCm4C2rxs=,r1FVjJzoG1hy8dc8EnEeH9427Fc=
-8,-35,KGHWSoKxTyJS/OLYYieCm4C2rxs=,WpZN20V2a1O9VQTdECRFkIcD4YQ=
-9,-39,KGHWSoKxTyJS/OLYYieCm4C2rxs=,r1FVjJzoG1hy8dc8EnEeH9427Fc=
-10,-39,KGHWSoKxTyJS/OLYYieCm4C2rxs=,r1FVjJzoG1hy8dc8EnEeH9427Fc=
-9,-37,KGHWSoKxTyJS/OLYYieCm4C2rxs=,r1FVjJzoG1hy8dc8EnEeH9427Fc=
-11,-39,KGHWSoKxTyJS/OLYYieCm4C2rxs=,r1FVjJzoG1hy8dc8EnEeH9427Fc=
-9,-34,KGHWSoKxTyJS/OLYYieCm4C2rxs=,r1FVjJzoG1hy8dc8EnEeH9427Fc=
-15,-39,KGHWSoKxTyJS/OLYYieCm4C2rxs=,r1FVjJzoG1hy8dc8EnEeH9427Fc=
-16,-39,KGHWSoKxTyJS/OLYYieCm4C2rxs=,r1FVjJzoG1hy8dc8EnEeH9427Fc=
-10,-34,KGHWSoKxTyJS/OLYYieCm4C2rxs=,r1FVjJzoG1hy8dc8EnEeH9427Fc=
-14,-39,KGHWSoKxTyJS/OLYYieCm4C2rxs=,r1FVjJzoG1hy8dc8EnEeH9427Fc=
-12,-39,KGHWSoKxTyJS/OLYYieCm4C2rxs=,r1FVjJzoG1hy8dc8EnEeH9427Fc=
-13,-39,KGHWSoKxTyJS/OLYYieCm4C2rxs=,r1FVjJzoG1hy8dc8EnEeH9427Fc=
-16,-36,KGHWSoKxTyJS/OLYYieCm4C2rxs=,r1FVjJzoG1hy8dc8EnEeH9427Fc=
-9,-40,KGHWSoKxTyJS/OLYYieCm4C2rxs=,r1FVjJzoG1hy8dc8EnEeH9427Fc=
-10,-40,KGHWSoKxTyJS/OLYYieCm4C2rxs=,r1FVjJzoG1hy8dc8EnEeH9427Fc=
-11,-40,KGHWSoKxTyJS/OLYYieCm4C2rxs=,r1FVjJzoG1hy8dc8EnEeH9427Fc=
-11,-34,KGHWSoKxTyJS/OLYYieCm4C2rxs=,r1FVjJzoG1hy8dc8EnEeH9427Fc=
-15,-40,KGHWSoKxTyJS/OLYYieCm4C2rxs=,r1FVjJzoG1hy8dc8EnEeH9427Fc=
-16,-40,KGHWSoKxTyJS/OLYYieCm4C2rxs=,r1FVjJzoG1hy8dc8EnEeH9427Fc=
-12,-40,KGHWSoKxTyJS/OLYYieCm4C2rxs=,r1FVjJzoG1hy8dc8EnEeH9427Fc=
-14,-40,KGHWSoKxTyJS/OLYYieCm4C2rxs=,r1FVjJzoG1hy8dc8EnEeH9427Fc=
-12,-34,KGHWSoKxTyJS/OLYYieCm4C2rxs=,r1FVjJzoG1hy8dc8EnEeH9427Fc=
-13,-40,KGHWSoKxTyJS/OLYYieCm4C2rxs=,r1FVjJzoG1hy8dc8EnEeH9427Fc=
-15,-36,KGHWSoKxTyJS/OLYYieCm4C2rxs=,r1FVjJzoG1hy8dc8EnEeH9427Fc=
-13,-34,KGHWSoKxTyJS/OLYYieCm4C2rxs=,r1FVjJzoG1hy8dc8EnEeH9427Fc=
-13,-41,KGHWSoKxTyJS/OLYYieCm4C2rxs=,xHO53mXU1jntH9RH3sZxqV6FQXc=
-14,-41,KGHWSoKxTyJS/OLYYieCm4C2rxs=,xHO53mXU1jntH9RH3sZxqV6FQXc=
-15,-41,KGHWSoKxTyJS/OLYYieCm4C2rxs=,xHO53mXU1jntH9RH3sZxqV6FQXc=
-16,-41,KGHWSoKxTyJS/OLYYieCm4C2rxs=,xHO53mXU1jntH9RH3sZxqV6FQXc=
-11,-41,KGHWSoKxTyJS/OLYYieCm4C2rxs=,xHO53mXU1jntH9RH3sZxqV6FQXc=
-14,-34,KGHWSoKxTyJS/OLYYieCm4C2rxs=,r1FVjJzoG1hy8dc8EnEeH9427Fc=
-15,-34,KGHWSoKxTyJS/OLYYieCm4C2rxs=,r1FVjJzoG1hy8dc8EnEeH9427Fc=
-12,-41,KGHWSoKxTyJS/OLYYieCm4C2rxs=,xHO53mXU1jntH9RH3sZxqV6FQXc=
-9,-41,KGHWSoKxTyJS/OLYYieCm4C2rxs=,xHO53mXU1jntH9RH3sZxqV6FQXc=
-10,-41,KGHWSoKxTyJS/OLYYieCm4C2rxs=,xHO53mXU1jntH9RH3sZxqV6FQXc=
-14,-36,KGHWSoKxTyJS/OLYYieCm4C2rxs=,r1FVjJzoG1hy8dc8EnEeH9427Fc=
-16,-34,KGHWSoKxTyJS/OLYYieCm4C2rxs=,r1FVjJzoG1hy8dc8EnEeH9427Fc=
-9,-35,KGHWSoKxTyJS/OLYYieCm4C2rxs=,r1FVjJzoG1hy8dc8EnEeH9427Fc=
-11,-35,KGHWSoKxTyJS/OLYYieCm4C2rxs=,r1FVjJzoG1hy8dc8EnEeH9427Fc=
-10,-35,KGHWSoKxTyJS/OLYYieCm4C2rxs=,r1FVjJzoG1hy8dc8EnEeH9427Fc=
-8,-38,KGHWSoKxTyJS/OLYYieCm4C2rxs=,WpZN20V2a1O9VQTdECRFkIcD4YQ=
-12,-35,KGHWSoKxTyJS/OLYYieCm4C2rxs=,r1FVjJzoG1hy8dc8EnEeH9427Fc=
-13,-35,KGHWSoKxTyJS/OLYYieCm4C2rxs=,r1FVjJzoG1hy8dc8EnEeH9427Fc=
-8,-36,KGHWSoKxTyJS/OLYYieCm4C2rxs=,WpZN20V2a1O9VQTdECRFkIcD4YQ=
-14,-35,KGHWSoKxTyJS/OLYYieCm4C2rxs=,r1FVjJzoG1hy8dc8EnEeH9427Fc=
-16,-35,KGHWSoKxTyJS/OLYYieCm4C2rxs=,r1FVjJzoG1hy8dc8EnEeH9427Fc=
-15,-35,KGHWSoKxTyJS/OLYYieCm4C2rxs=,r1FVjJzoG1hy8dc8EnEeH9427Fc=
-9,-36,KGHWSoKxTyJS/OLYYieCm4C2rxs=,r1FVjJzoG1hy8dc8EnEeH9427Fc=
-8,-34,KGHWSoKxTyJS/OLYYieCm4C2rxs=,WpZN20V2a1O9VQTdECRFkIcD4YQ=
-10,-36,KGHWSoKxTyJS/OLYYieCm4C2rxs=,r1FVjJzoG1hy8dc8EnEeH9427Fc=
-11,-36,KGHWSoKxTyJS/OLYYieCm4C2rxs=,r1FVjJzoG1hy8dc8EnEeH9427Fc=
-13,-36,KGHWSoKxTyJS/OLYYieCm4C2rxs=,r1FVjJzoG1hy8dc8EnEeH9427Fc=
-12,-36,KGHWSoKxTyJS/OLYYieCm4C2rxs=,r1FVjJzoG1hy8dc8EnEeH9427Fc=
-7,-63,JhFhZnYy15D6zKgXf+sLp5ng2jE=,Nvzbw3ggzXxeJe3v0MSW1fBjWZY=
-6,-63,LZrcR8U83DCQeJnqvrMCux2yzME=,Nvzbw3ggzXxeJe3v0MSW1fBjWZY=
-3,-58,LZrcR8U83DCQeJnqvrMCux2yzME=,Nvzbw3ggzXxeJe3v0MSW1fBjWZY=
-4,-58,tRwvlTdbfSwucj5AMAZ/eJ84oDw=,Nvzbw3ggzXxeJe3v0MSW1fBjWZY=
-5,-58,kZNPWgahv1aSjJz20JleivCI+KE=,Nvzbw3ggzXxeJe3v0MSW1fBjWZY=
-6,-58,iUxc+YecaXjw356S1m8KAUr+QcQ=,Nvzbw3ggzXxeJe3v0MSW1fBjWZY=
-7,-58,iUxc+YecaXjw356S1m8KAUr+QcQ=,Nvzbw3ggzXxeJe3v0MSW1fBjWZY=
-3,-59,iUxc+YecaXjw356S1m8KAUr+QcQ=,Nvzbw3ggzXxeJe3v0MSW1fBjWZY=
-4,-59,iUxc+YecaXjw356S1m8KAUr+QcQ=,Nvzbw3ggzXxeJe3v0MSW1fBjWZY=
-5,-59,iUxc+YecaXjw356S1m8KAUr+QcQ=,Nvzbw3ggzXxeJe3v0MSW1fBjWZY=
-6,-59,iUxc+YecaXjw356S1m8KAUr+QcQ=,Nvzbw3ggzXxeJe3v0MSW1fBjWZY=
-7,-59,iUxc+YecaXjw356S1m8KAUr+QcQ=,Nvzbw3ggzXxeJe3v0MSW1fBjWZY=
-2,-58,iUxc+YecaXjw356S1m8KAUr+QcQ=,Nvzbw3ggzXxeJe3v0MSW1fBjWZY=
-2,-59,iUxc+YecaXjw356S1m8KAUr+QcQ=,Nvzbw3ggzXxeJe3v0MSW1fBjWZY=
-6,-60,iUxc+YecaXjw356S1m8KAUr+QcQ=,Nvzbw3ggzXxeJe3v0MSW1fBjWZY=
-3,-60,iUxc+YecaXjw356S1m8KAUr+QcQ=,Nvzbw3ggzXxeJe3v0MSW1fBjWZY=
-5,-60,iUxc+YecaXjw356S1m8KAUr+QcQ=,Nvzbw3ggzXxeJe3v0MSW1fBjWZY=
-2,-60,iUxc+YecaXjw356S1m8KAUr+QcQ=,Nvzbw3ggzXxeJe3v0MSW1fBjWZY=
-6,-61,iUxc+YecaXjw356S1m8KAUr+QcQ=,Nvzbw3ggzXxeJe3v0MSW1fBjWZY=
-7,-60,iUxc+YecaXjw356S1m8KAUr+QcQ=,Nvzbw3ggzXxeJe3v0MSW1fBjWZY=
-7,-61,iUxc+YecaXjw356S1m8KAUr+QcQ=,Nvzbw3ggzXxeJe3v0MSW1fBjWZY=
-4,-60,iUxc+YecaXjw356S1m8KAUr+QcQ=,Nvzbw3ggzXxeJe3v0MSW1fBjWZY=
-4,-61,iUxc+YecaXjw356S1m8KAUr+QcQ=,Nvzbw3ggzXxeJe3v0MSW1fBjWZY=
-2,-61,iUxc+YecaXjw356S1m8KAUr+QcQ=,Nvzbw3ggzXxeJe3v0MSW1fBjWZY=
-7,-62,iUxc+YecaXjw356S1m8KAUr+QcQ=,Nvzbw3ggzXxeJe3v0MSW1fBjWZY=
-6,-62,iUxc+YecaXjw356S1m8KAUr+QcQ=,Nvzbw3ggzXxeJe3v0MSW1fBjWZY=
-5,-61,iUxc+YecaXjw356S1m8KAUr+QcQ=,Nvzbw3ggzXxeJe3v0MSW1fBjWZY=
-3,-61,iUxc+YecaXjw356S1m8KAUr+QcQ=,Nvzbw3ggzXxeJe3v0MSW1fBjWZY=
-4,-62,iUxc+YecaXjw356S1m8KAUr+QcQ=,Nvzbw3ggzXxeJe3v0MSW1fBjWZY=
-2,-63,iUxc+YecaXjw356S1m8KAUr+QcQ=,Nvzbw3ggzXxeJe3v0MSW1fBjWZY=
-2,-62,iUxc+YecaXjw356S1m8KAUr+QcQ=,Nvzbw3ggzXxeJe3v0MSW1fBjWZY=
-5,-62,iUxc+YecaXjw356S1m8KAUr+QcQ=,Nvzbw3ggzXxeJe3v0MSW1fBjWZY=
-3,-62,iUxc+YecaXjw356S1m8KAUr+QcQ=,Nvzbw3ggzXxeJe3v0MSW1fBjWZY=
-5,-63,iUxc+YecaXjw356S1m8KAUr+QcQ=,Nvzbw3ggzXxeJe3v0MSW1fBjWZY=
-3,-63,iUxc+YecaXjw356S1m8KAUr+QcQ=,Nvzbw3ggzXxeJe3v0MSW1fBjWZY=
-4,-63,iUxc+YecaXjw356S1m8KAUr+QcQ=,Nvzbw3ggzXxeJe3v0MSW1fBjWZY=
-12,-53,iUxc+YecaXjw356S1m8KAUr+QcQ=,3FA4mZhbP6zLNsmDwFSD5DbGTdk=
-10,-53,iUxc+YecaXjw356S1m8KAUr+QcQ=,3FA4mZhbP6zLNsmDwFSD5DbGTdk=
-15,-52,iUxc+YecaXjw356S1m8KAUr+QcQ=,3FA4mZhbP6zLNsmDwFSD5DbGTdk=
-11,-53,iUxc+YecaXjw356S1m8KAUr+QcQ=,3FA4mZhbP6zLNsmDwFSD5DbGTdk=
-13,-52,iUxc+YecaXjw356S1m8KAUr+QcQ=,3FA4mZhbP6zLNsmDwFSD5DbGTdk=
-14,-52,iUxc+YecaXjw356S1m8KAUr+QcQ=,3FA4mZhbP6zLNsmDwFSD5DbGTdk=
-15,-49,iUxc+YecaXjw356S1m8KAUr+QcQ=,3FA4mZhbP6zLNsmDwFSD5DbGTdk=
-12,-52,iUxc+YecaXjw356S1m8KAUr+QcQ=,3FA4mZhbP6zLNsmDwFSD5DbGTdk=
-14,-49,iUxc+YecaXjw356S1m8KAUr+QcQ=,3FA4mZhbP6zLNsmDwFSD5DbGTdk=
-13,-49,iUxc+YecaXjw356S1m8KAUr+QcQ=,3FA4mZhbP6zLNsmDwFSD5DbGTdk=
-11,-52,iUxc+YecaXjw356S1m8KAUr+QcQ=,3FA4mZhbP6zLNsmDwFSD5DbGTdk=
-10,-52,iUxc+YecaXjw356S1m8KAUr+QcQ=,3FA4mZhbP6zLNsmDwFSD5DbGTdk=
-15,-51,iUxc+YecaXjw356S1m8KAUr+QcQ=,3FA4mZhbP6zLNsmDwFSD5DbGTdk=
-14,-51,iUxc+YecaXjw356S1m8KAUr+QcQ=,3FA4mZhbP6zLNsmDwFSD5DbGTdk=
-12,-49,iUxc+YecaXjw356S1m8KAUr+QcQ=,3FA4mZhbP6zLNsmDwFSD5DbGTdk=
-13,-51,iUxc+YecaXjw356S1m8KAUr+QcQ=,3FA4mZhbP6zLNsmDwFSD5DbGTdk=
-11,-49,iUxc+YecaXjw356S1m8KAUr+QcQ=,3FA4mZhbP6zLNsmDwFSD5DbGTdk=
-12,-51,iUxc+YecaXjw356S1m8KAUr+QcQ=,3FA4mZhbP6zLNsmDwFSD5DbGTdk=
-15,-55,iUxc+YecaXjw356S1m8KAUr+QcQ=,3FA4mZhbP6zLNsmDwFSD5DbGTdk=
-10,-49,iUxc+YecaXjw356S1m8KAUr+QcQ=,3FA4mZhbP6zLNsmDwFSD5DbGTdk=
-11,-51,iUxc+YecaXjw356S1m8KAUr+QcQ=,3FA4mZhbP6zLNsmDwFSD5DbGTdk=
-10,-51,iUxc+YecaXjw356S1m8KAUr+QcQ=,3FA4mZhbP6zLNsmDwFSD5DbGTdk=
-10,-54,iUxc+YecaXjw356S1m8KAUr+QcQ=,3FA4mZhbP6zLNsmDwFSD5DbGTdk=
-15,-53,iUxc+YecaXjw356S1m8KAUr+QcQ=,3FA4mZhbP6zLNsmDwFSD5DbGTdk=
-14,-55,iUxc+YecaXjw356S1m8KAUr+QcQ=,3FA4mZhbP6zLNsmDwFSD5DbGTdk=
-11,-54,iUxc+YecaXjw356S1m8KAUr+QcQ=,3FA4mZhbP6zLNsmDwFSD5DbGTdk=
-14,-53,iUxc+YecaXjw356S1m8KAUr+QcQ=,3FA4mZhbP6zLNsmDwFSD5DbGTdk=
-13,-53,iUxc+YecaXjw356S1m8KAUr+QcQ=,3FA4mZhbP6zLNsmDwFSD5DbGTdk=
-15,-54,iUxc+YecaXjw356S1m8KAUr+QcQ=,3FA4mZhbP6zLNsmDwFSD5DbGTdk=
-12,-54,iUxc+YecaXjw356S1m8KAUr+QcQ=,3FA4mZhbP6zLNsmDwFSD5DbGTdk=
-10,-55,iUxc+YecaXjw356S1m8KAUr+QcQ=,3FA4mZhbP6zLNsmDwFSD5DbGTdk=
-13,-54,iUxc+YecaXjw356S1m8KAUr+QcQ=,3FA4mZhbP6zLNsmDwFSD5DbGTdk=
-10,-50,iUxc+YecaXjw356S1m8KAUr+QcQ=,3FA4mZhbP6zLNsmDwFSD5DbGTdk=
-15,-50,iUxc+YecaXjw356S1m8KAUr+QcQ=,3FA4mZhbP6zLNsmDwFSD5DbGTdk=
-13,-55,iUxc+YecaXjw356S1m8KAUr+QcQ=,3FA4mZhbP6zLNsmDwFSD5DbGTdk=
-14,-54,iUxc+YecaXjw356S1m8KAUr+QcQ=,3FA4mZhbP6zLNsmDwFSD5DbGTdk=
-14,-50,iUxc+YecaXjw356S1m8KAUr+QcQ=,3FA4mZhbP6zLNsmDwFSD5DbGTdk=
-11,-50,iUxc+YecaXjw356S1m8KAUr+QcQ=,3FA4mZhbP6zLNsmDwFSD5DbGTdk=
-13,-50,iUxc+YecaXjw356S1m8KAUr+QcQ=,3FA4mZhbP6zLNsmDwFSD5DbGTdk=
-11,-55,iUxc+YecaXjw356S1m8KAUr+QcQ=,3FA4mZhbP6zLNsmDwFSD5DbGTdk=
-12,-50,iUxc+YecaXjw356S1m8KAUr+QcQ=,3FA4mZhbP6zLNsmDwFSD5DbGTdk=
-12,-55,iUxc+YecaXjw356S1m8KAUr+QcQ=,3FA4mZhbP6zLNsmDwFSD5DbGTdk=
-16,-52,iUxc+YecaXjw356S1m8KAUr+QcQ=,3FA4mZhbP6zLNsmDwFSD5DbGTdk=
-16,-51,iUxc+YecaXjw356S1m8KAUr+QcQ=,3FA4mZhbP6zLNsmDwFSD5DbGTdk=
-16,-55,iUxc+YecaXjw356S1m8KAUr+QcQ=,3FA4mZhbP6zLNsmDwFSD5DbGTdk=
-16,-50,iUxc+YecaXjw356S1m8KAUr+QcQ=,3FA4mZhbP6zLNsmDwFSD5DbGTdk=
-16,-54,iUxc+YecaXjw356S1m8KAUr+QcQ=,3FA4mZhbP6zLNsmDwFSD5DbGTdk=
-16,-53,iUxc+YecaXjw356S1m8KAUr+QcQ=,3FA4mZhbP6zLNsmDwFSD5DbGTdk=
-11,-59,iUxc+YecaXjw356S1m8KAUr+QcQ=,7fQ/8l+hAzcSeveyxWmXqIUpbE8=
-10,-59,iUxc+YecaXjw356S1m8KAUr+QcQ=,7fQ/8l+hAzcSeveyxWmXqIUpbE8=
-9,-59,iUxc+YecaXjw356S1m8KAUr+QcQ=,7fQ/8l+hAzcSeveyxWmXqIUpbE8=
-16,-58,iUxc+YecaXjw356S1m8KAUr+QcQ=,7fQ/8l+hAzcSeveyxWmXqIUpbE8=
-15,-58,iUxc+YecaXjw356S1m8KAUr+QcQ=,7fQ/8l+hAzcSeveyxWmXqIUpbE8=
-14,-58,iUxc+YecaXjw356S1m8KAUr+QcQ=,7fQ/8l+hAzcSeveyxWmXqIUpbE8=
-11,-58,iUxc+YecaXjw356S1m8KAUr+QcQ=,7fQ/8l+hAzcSeveyxWmXqIUpbE8=
-10,-58,iUxc+YecaXjw356S1m8KAUr+QcQ=,7fQ/8l+hAzcSeveyxWmXqIUpbE8=
-9,-58,iUxc+YecaXjw356S1m8KAUr+QcQ=,7fQ/8l+hAzcSeveyxWmXqIUpbE8=
-8,-63,iUxc+YecaXjw356S1m8KAUr+QcQ=,Nvzbw3ggzXxeJe3v0MSW1fBjWZY=
-16,-57,iUxc+YecaXjw356S1m8KAUr+QcQ=,7fQ/8l+hAzcSeveyxWmXqIUpbE8=
-12,-59,iUxc+YecaXjw356S1m8KAUr+QcQ=,7fQ/8l+hAzcSeveyxWmXqIUpbE8=
-13,-58,iUxc+YecaXjw356S1m8KAUr+QcQ=,7fQ/8l+hAzcSeveyxWmXqIUpbE8=
-15,-57,iUxc+YecaXjw356S1m8KAUr+QcQ=,7fQ/8l+hAzcSeveyxWmXqIUpbE8=
-10,-57,iUxc+YecaXjw356S1m8KAUr+QcQ=,7fQ/8l+hAzcSeveyxWmXqIUpbE8=
-8,-62,iUxc+YecaXjw356S1m8KAUr+QcQ=,Nvzbw3ggzXxeJe3v0MSW1fBjWZY=
-11,-57,iUxc+YecaXjw356S1m8KAUr+QcQ=,7fQ/8l+hAzcSeveyxWmXqIUpbE8=
-13,-57,iUxc+YecaXjw356S1m8KAUr+QcQ=,7fQ/8l+hAzcSeveyxWmXqIUpbE8=
-16,-56,iUxc+YecaXjw356S1m8KAUr+QcQ=,3FA4mZhbP6zLNsmDwFSD5DbGTdk=
-14,-57,iUxc+YecaXjw356S1m8KAUr+QcQ=,7fQ/8l+hAzcSeveyxWmXqIUpbE8=
-12,-58,iUxc+YecaXjw356S1m8KAUr+QcQ=,7fQ/8l+hAzcSeveyxWmXqIUpbE8=
-12,-64,iUxc+YecaXjw356S1m8KAUr+QcQ=,7fQ/8l+hAzcSeveyxWmXqIUpbE8=
-11,-64,iUxc+YecaXjw356S1m8KAUr+QcQ=,7fQ/8l+hAzcSeveyxWmXqIUpbE8=
-12,-57,iUxc+YecaXjw356S1m8KAUr+QcQ=,7fQ/8l+hAzcSeveyxWmXqIUpbE8=
-15,-64,iUxc+YecaXjw356S1m8KAUr+QcQ=,7fQ/8l+hAzcSeveyxWmXqIUpbE8=
-10,-64,iUxc+YecaXjw356S1m8KAUr+QcQ=,7fQ/8l+hAzcSeveyxWmXqIUpbE8=
-8,-61,iUxc+YecaXjw356S1m8KAUr+QcQ=,Nvzbw3ggzXxeJe3v0MSW1fBjWZY=
-15,-56,iUxc+YecaXjw356S1m8KAUr+QcQ=,3FA4mZhbP6zLNsmDwFSD5DbGTdk=
-14,-64,iUxc+YecaXjw356S1m8KAUr+QcQ=,7fQ/8l+hAzcSeveyxWmXqIUpbE8=
-11,-56,iUxc+YecaXjw356S1m8KAUr+QcQ=,3FA4mZhbP6zLNsmDwFSD5DbGTdk=
-10,-56,iUxc+YecaXjw356S1m8KAUr+QcQ=,3FA4mZhbP6zLNsmDwFSD5DbGTdk=
-16,-63,iUxc+YecaXjw356S1m8KAUr+QcQ=,7fQ/8l+hAzcSeveyxWmXqIUpbE8=
-13,-64,iUxc+YecaXjw356S1m8KAUr+QcQ=,7fQ/8l+hAzcSeveyxWmXqIUpbE8=
-12,-63,iUxc+YecaXjw356S1m8KAUr+QcQ=,7fQ/8l+hAzcSeveyxWmXqIUpbE8=
-11,-63,iUxc+YecaXjw356S1m8KAUr+QcQ=,7fQ/8l+hAzcSeveyxWmXqIUpbE8=
-10,-63,iUxc+YecaXjw356S1m8KAUr+QcQ=,7fQ/8l+hAzcSeveyxWmXqIUpbE8=
-9,-63,iUxc+YecaXjw356S1m8KAUr+QcQ=,7fQ/8l+hAzcSeveyxWmXqIUpbE8=
-16,-62,iUxc+YecaXjw356S1m8KAUr+QcQ=,7fQ/8l+hAzcSeveyxWmXqIUpbE8=
-12,-56,iUxc+YecaXjw356S1m8KAUr+QcQ=,3FA4mZhbP6zLNsmDwFSD5DbGTdk=
-14,-56,iUxc+YecaXjw356S1m8KAUr+QcQ=,3FA4mZhbP6zLNsmDwFSD5DbGTdk=
-13,-56,iUxc+YecaXjw356S1m8KAUr+QcQ=,3FA4mZhbP6zLNsmDwFSD5DbGTdk=
-8,-60,iUxc+YecaXjw356S1m8KAUr+QcQ=,Nvzbw3ggzXxeJe3v0MSW1fBjWZY=
-12,-62,iUxc+YecaXjw356S1m8KAUr+QcQ=,7fQ/8l+hAzcSeveyxWmXqIUpbE8=
-11,-62,iUxc+YecaXjw356S1m8KAUr+QcQ=,7fQ/8l+hAzcSeveyxWmXqIUpbE8=
-10,-62,iUxc+YecaXjw356S1m8KAUr+QcQ=,7fQ/8l+hAzcSeveyxWmXqIUpbE8=
-9,-62,iUxc+YecaXjw356S1m8KAUr+QcQ=,7fQ/8l+hAzcSeveyxWmXqIUpbE8=
-16,-61,iUxc+YecaXjw356S1m8KAUr+QcQ=,7fQ/8l+hAzcSeveyxWmXqIUpbE8=
-15,-63,iUxc+YecaXjw356S1m8KAUr+QcQ=,7fQ/8l+hAzcSeveyxWmXqIUpbE8=
-14,-63,iUxc+YecaXjw356S1m8KAUr+QcQ=,7fQ/8l+hAzcSeveyxWmXqIUpbE8=
-13,-63,iUxc+YecaXjw356S1m8KAUr+QcQ=,7fQ/8l+hAzcSeveyxWmXqIUpbE8=
-15,-62,iUxc+YecaXjw356S1m8KAUr+QcQ=,7fQ/8l+hAzcSeveyxWmXqIUpbE8=
-8,-59,iUxc+YecaXjw356S1m8KAUr+QcQ=,Nvzbw3ggzXxeJe3v0MSW1fBjWZY=
-11,-61,iUxc+YecaXjw356S1m8KAUr+QcQ=,7fQ/8l+hAzcSeveyxWmXqIUpbE8=
-10,-61,iUxc+YecaXjw356S1m8KAUr+QcQ=,7fQ/8l+hAzcSeveyxWmXqIUpbE8=
-9,-61,iUxc+YecaXjw356S1m8KAUr+QcQ=,7fQ/8l+hAzcSeveyxWmXqIUpbE8=
-16,-60,iUxc+YecaXjw356S1m8KAUr+QcQ=,7fQ/8l+hAzcSeveyxWmXqIUpbE8=
-12,-61,iUxc+YecaXjw356S1m8KAUr+QcQ=,7fQ/8l+hAzcSeveyxWmXqIUpbE8=
-13,-62,iUxc+YecaXjw356S1m8KAUr+QcQ=,7fQ/8l+hAzcSeveyxWmXqIUpbE8=
-8,-58,iUxc+YecaXjw356S1m8KAUr+QcQ=,Nvzbw3ggzXxeJe3v0MSW1fBjWZY=
-14,-62,iUxc+YecaXjw356S1m8KAUr+QcQ=,7fQ/8l+hAzcSeveyxWmXqIUpbE8=
-15,-61,iUxc+YecaXjw356S1m8KAUr+QcQ=,7fQ/8l+hAzcSeveyxWmXqIUpbE8=
-11,-60,iUxc+YecaXjw356S1m8KAUr+QcQ=,7fQ/8l+hAzcSeveyxWmXqIUpbE8=
-10,-60,iUxc+YecaXjw356S1m8KAUr+QcQ=,7fQ/8l+hAzcSeveyxWmXqIUpbE8=
-9,-60,iUxc+YecaXjw356S1m8KAUr+QcQ=,7fQ/8l+hAzcSeveyxWmXqIUpbE8=
-16,-59,iUxc+YecaXjw356S1m8KAUr+QcQ=,7fQ/8l+hAzcSeveyxWmXqIUpbE8=
-14,-61,iUxc+YecaXjw356S1m8KAUr+QcQ=,7fQ/8l+hAzcSeveyxWmXqIUpbE8=
-13,-61,iUxc+YecaXjw356S1m8KAUr+QcQ=,7fQ/8l+hAzcSeveyxWmXqIUpbE8=
-15,-60,iUxc+YecaXjw356S1m8KAUr+QcQ=,7fQ/8l+hAzcSeveyxWmXqIUpbE8=
-14,-60,iUxc+YecaXjw356S1m8KAUr+QcQ=,7fQ/8l+hAzcSeveyxWmXqIUpbE8=
-15,-59,iUxc+YecaXjw356S1m8KAUr+QcQ=,7fQ/8l+hAzcSeveyxWmXqIUpbE8=
-13,-60,iUxc+YecaXjw356S1m8KAUr+QcQ=,7fQ/8l+hAzcSeveyxWmXqIUpbE8=
-12,-60,iUxc+YecaXjw356S1m8KAUr+QcQ=,7fQ/8l+hAzcSeveyxWmXqIUpbE8=
-13,-59,iUxc+YecaXjw356S1m8KAUr+QcQ=,7fQ/8l+hAzcSeveyxWmXqIUpbE8=
-14,-59,iUxc+YecaXjw356S1m8KAUr+QcQ=,7fQ/8l+hAzcSeveyxWmXqIUpbE8=
-1,-63,iUxc+YecaXjw356S1m8KAUr+QcQ=,Nvzbw3ggzXxeJe3v0MSW1fBjWZY=
-1,-62,iUxc+YecaXjw356S1m8KAUr+QcQ=,Nvzbw3ggzXxeJe3v0MSW1fBjWZY=
-1,-61,iUxc+YecaXjw356S1m8KAUr+QcQ=,Nvzbw3ggzXxeJe3v0MSW1fBjWZY=
-1,-60,iUxc+YecaXjw356S1m8KAUr+QcQ=,Nvzbw3ggzXxeJe3v0MSW1fBjWZY=
-1,-59,iUxc+YecaXjw356S1m8KAUr+QcQ=,Nvzbw3ggzXxeJe3v0MSW1fBjWZY=
-1,-58,iUxc+YecaXjw356S1m8KAUr+QcQ=,Nvzbw3ggzXxeJe3v0MSW1fBjWZY=
-16,-49,iUxc+YecaXjw356S1m8KAUr+QcQ=,3FA4mZhbP6zLNsmDwFSD5DbGTdk=
-16,-64,iUxc+YecaXjw356S1m8KAUr+QcQ=,7fQ/8l+hAzcSeveyxWmXqIUpbE8=
-8,-64,iUxc+YecaXjw356S1m8KAUr+QcQ=,Nvzbw3ggzXxeJe3v0MSW1fBjWZY=
-7,-64,iUxc+YecaXjw356S1m8KAUr+QcQ=,Nvzbw3ggzXxeJe3v0MSW1fBjWZY=
-6,-64,iUxc+YecaXjw356S1m8KAUr+QcQ=,Nvzbw3ggzXxeJe3v0MSW1fBjWZY=
-5,-64,iUxc+YecaXjw356S1m8KAUr+QcQ=,Nvzbw3ggzXxeJe3v0MSW1fBjWZY=
-4,-64,iUxc+YecaXjw356S1m8KAUr+QcQ=,Nvzbw3ggzXxeJe3v0MSW1fBjWZY=
-3,-64,iUxc+YecaXjw356S1m8KAUr+QcQ=,Nvzbw3ggzXxeJe3v0MSW1fBjWZY=
-2,-64,iUxc+YecaXjw356S1m8KAUr+QcQ=,Nvzbw3ggzXxeJe3v0MSW1fBjWZY=
-1,-64,iUxc+YecaXjw356S1m8KAUr+QcQ=,Nvzbw3ggzXxeJe3v0MSW1fBjWZY=
-9,-64,iUxc+YecaXjw356S1m8KAUr+QcQ=,7fQ/8l+hAzcSeveyxWmXqIUpbE8=
-9,-49,iUxc+YecaXjw356S1m8KAUr+QcQ=,3FA4mZhbP6zLNsmDwFSD5DbGTdk=
-5,-54,iUxc+YecaXjw356S1m8KAUr+QcQ=,0otPGQvkzmsEazcaMlpAwfI2QhY=
-5,-57,iUxc+YecaXjw356S1m8KAUr+QcQ=,Nvzbw3ggzXxeJe3v0MSW1fBjWZY=
-6,-57,iUxc+YecaXjw356S1m8KAUr+QcQ=,Nvzbw3ggzXxeJe3v0MSW1fBjWZY=
-7,-57,iUxc+YecaXjw356S1m8KAUr+QcQ=,Nvzbw3ggzXxeJe3v0MSW1fBjWZY=
-6,-49,iUxc+YecaXjw356S1m8KAUr+QcQ=,0otPGQvkzmsEazcaMlpAwfI2QhY=
-2,-51,iUxc+YecaXjw356S1m8KAUr+QcQ=,0otPGQvkzmsEazcaMlpAwfI2QhY=
-4,-50,iUxc+YecaXjw356S1m8KAUr+QcQ=,0otPGQvkzmsEazcaMlpAwfI2QhY=
-5,-49,iUxc+YecaXjw356S1m8KAUr+QcQ=,0otPGQvkzmsEazcaMlpAwfI2QhY=
-8,-57,iUxc+YecaXjw356S1m8KAUr+QcQ=,Nvzbw3ggzXxeJe3v0MSW1fBjWZY=
-5,-50,iUxc+YecaXjw356S1m8KAUr+QcQ=,0otPGQvkzmsEazcaMlpAwfI2QhY=
-9,-54,iUxc+YecaXjw356S1m8KAUr+QcQ=,3FA4mZhbP6zLNsmDwFSD5DbGTdk=
-3,-50,iUxc+YecaXjw356S1m8KAUr+QcQ=,0otPGQvkzmsEazcaMlpAwfI2QhY=
-6,-54,iUxc+YecaXjw356S1m8KAUr+QcQ=,0otPGQvkzmsEazcaMlpAwfI2QhY=
-1,-52,iUxc+YecaXjw356S1m8KAUr+QcQ=,0otPGQvkzmsEazcaMlpAwfI2QhY=
-6,-50,iUxc+YecaXjw356S1m8KAUr+QcQ=,0otPGQvkzmsEazcaMlpAwfI2QhY=
-7,-50,iUxc+YecaXjw356S1m8KAUr+QcQ=,0otPGQvkzmsEazcaMlpAwfI2QhY=
-1,-53,iUxc+YecaXjw356S1m8KAUr+QcQ=,0otPGQvkzmsEazcaMlpAwfI2QhY=
-4,-49,iUxc+YecaXjw356S1m8KAUr+QcQ=,0otPGQvkzmsEazcaMlpAwfI2QhY=
-2,-52,iUxc+YecaXjw356S1m8KAUr+QcQ=,0otPGQvkzmsEazcaMlpAwfI2QhY=
-8,-49,iUxc+YecaXjw356S1m8KAUr+QcQ=,0otPGQvkzmsEazcaMlpAwfI2QhY=
-9,-50,iUxc+YecaXjw356S1m8KAUr+QcQ=,3FA4mZhbP6zLNsmDwFSD5DbGTdk=
-3,-51,iUxc+YecaXjw356S1m8KAUr+QcQ=,0otPGQvkzmsEazcaMlpAwfI2QhY=
-5,-56,iUxc+YecaXjw356S1m8KAUr+QcQ=,0otPGQvkzmsEazcaMlpAwfI2QhY=
-4,-51,iUxc+YecaXjw356S1m8KAUr+QcQ=,0otPGQvkzmsEazcaMlpAwfI2QhY=
-7,-54,iUxc+YecaXjw356S1m8KAUr+QcQ=,0otPGQvkzmsEazcaMlpAwfI2QhY=
-9,-55,iUxc+YecaXjw356S1m8KAUr+QcQ=,3FA4mZhbP6zLNsmDwFSD5DbGTdk=
-3,-49,iUxc+YecaXjw356S1m8KAUr+QcQ=,0otPGQvkzmsEazcaMlpAwfI2QhY=
-3,-52,iUxc+YecaXjw356S1m8KAUr+QcQ=,0otPGQvkzmsEazcaMlpAwfI2QhY=
-3,-53,iUxc+YecaXjw356S1m8KAUr+QcQ=,0otPGQvkzmsEazcaMlpAwfI2QhY=
-9,-51,iUxc+YecaXjw356S1m8KAUr+QcQ=,3FA4mZhbP6zLNsmDwFSD5DbGTdk=
-1,-50,iUxc+YecaXjw356S1m8KAUr+QcQ=,0otPGQvkzmsEazcaMlpAwfI2QhY=
-8,-54,iUxc+YecaXjw356S1m8KAUr+QcQ=,0otPGQvkzmsEazcaMlpAwfI2QhY=
-2,-50,iUxc+YecaXjw356S1m8KAUr+QcQ=,0otPGQvkzmsEazcaMlpAwfI2QhY=
-9,-56,iUxc+YecaXjw356S1m8KAUr+QcQ=,3FA4mZhbP6zLNsmDwFSD5DbGTdk=
-2,-53,iUxc+YecaXjw356S1m8KAUr+QcQ=,0otPGQvkzmsEazcaMlpAwfI2QhY=
-4,-53,iUxc+YecaXjw356S1m8KAUr+QcQ=,0otPGQvkzmsEazcaMlpAwfI2QhY=
-7,-49,iUxc+YecaXjw356S1m8KAUr+QcQ=,0otPGQvkzmsEazcaMlpAwfI2QhY=
-9,-52,iUxc+YecaXjw356S1m8KAUr+QcQ=,3FA4mZhbP6zLNsmDwFSD5DbGTdk=
-5,-53,iUxc+YecaXjw356S1m8KAUr+QcQ=,0otPGQvkzmsEazcaMlpAwfI2QhY=
-3,-55,iUxc+YecaXjw356S1m8KAUr+QcQ=,0otPGQvkzmsEazcaMlpAwfI2QhY=
-4,-52,iUxc+YecaXjw356S1m8KAUr+QcQ=,0otPGQvkzmsEazcaMlpAwfI2QhY=
-5,-52,iUxc+YecaXjw356S1m8KAUr+QcQ=,0otPGQvkzmsEazcaMlpAwfI2QhY=
-9,-53,iUxc+YecaXjw356S1m8KAUr+QcQ=,3FA4mZhbP6zLNsmDwFSD5DbGTdk=
-6,-53,iUxc+YecaXjw356S1m8KAUr+QcQ=,0otPGQvkzmsEazcaMlpAwfI2QhY=
-1,-55,iUxc+YecaXjw356S1m8KAUr+QcQ=,0otPGQvkzmsEazcaMlpAwfI2QhY=
-6,-51,iUxc+YecaXjw356S1m8KAUr+QcQ=,0otPGQvkzmsEazcaMlpAwfI2QhY=
-2,-55,iUxc+YecaXjw356S1m8KAUr+QcQ=,0otPGQvkzmsEazcaMlpAwfI2QhY=
-4,-55,iUxc+YecaXjw356S1m8KAUr+QcQ=,0otPGQvkzmsEazcaMlpAwfI2QhY=
-6,-56,iUxc+YecaXjw356S1m8KAUr+QcQ=,0otPGQvkzmsEazcaMlpAwfI2QhY=
-7,-53,iUxc+YecaXjw356S1m8KAUr+QcQ=,0otPGQvkzmsEazcaMlpAwfI2QhY=
-9,-57,iUxc+YecaXjw356S1m8KAUr+QcQ=,7fQ/8l+hAzcSeveyxWmXqIUpbE8=
-8,-53,iUxc+YecaXjw356S1m8KAUr+QcQ=,0otPGQvkzmsEazcaMlpAwfI2QhY=
-1,-51,iUxc+YecaXjw356S1m8KAUr+QcQ=,0otPGQvkzmsEazcaMlpAwfI2QhY=
-5,-51,iUxc+YecaXjw356S1m8KAUr+QcQ=,0otPGQvkzmsEazcaMlpAwfI2QhY=
-8,-51,iUxc+YecaXjw356S1m8KAUr+QcQ=,0otPGQvkzmsEazcaMlpAwfI2QhY=
-5,-55,iUxc+YecaXjw356S1m8KAUr+QcQ=,0otPGQvkzmsEazcaMlpAwfI2QhY=
-3,-54,iUxc+YecaXjw356S1m8KAUr+QcQ=,0otPGQvkzmsEazcaMlpAwfI2QhY=
-7,-51,iUxc+YecaXjw356S1m8KAUr+QcQ=,0otPGQvkzmsEazcaMlpAwfI2QhY=
-6,-55,iUxc+YecaXjw356S1m8KAUr+QcQ=,0otPGQvkzmsEazcaMlpAwfI2QhY=
-7,-55,iUxc+YecaXjw356S1m8KAUr+QcQ=,0otPGQvkzmsEazcaMlpAwfI2QhY=
-8,-55,iUxc+YecaXjw356S1m8KAUr+QcQ=,0otPGQvkzmsEazcaMlpAwfI2QhY=
-6,-52,iUxc+YecaXjw356S1m8KAUr+QcQ=,0otPGQvkzmsEazcaMlpAwfI2QhY=
-3,-56,iUxc+YecaXjw356S1m8KAUr+QcQ=,0otPGQvkzmsEazcaMlpAwfI2QhY=
-1,-56,iUxc+YecaXjw356S1m8KAUr+QcQ=,0otPGQvkzmsEazcaMlpAwfI2QhY=
-7,-56,iUxc+YecaXjw356S1m8KAUr+QcQ=,0otPGQvkzmsEazcaMlpAwfI2QhY=
-4,-54,iUxc+YecaXjw356S1m8KAUr+QcQ=,0otPGQvkzmsEazcaMlpAwfI2QhY=
-4,-56,iUxc+YecaXjw356S1m8KAUr+QcQ=,0otPGQvkzmsEazcaMlpAwfI2QhY=
-8,-56,iUxc+YecaXjw356S1m8KAUr+QcQ=,0otPGQvkzmsEazcaMlpAwfI2QhY=
-1,-57,iUxc+YecaXjw356S1m8KAUr+QcQ=,Nvzbw3ggzXxeJe3v0MSW1fBjWZY=
-1,-54,iUxc+YecaXjw356S1m8KAUr+QcQ=,0otPGQvkzmsEazcaMlpAwfI2QhY=
-7,-52,iUxc+YecaXjw356S1m8KAUr+QcQ=,0otPGQvkzmsEazcaMlpAwfI2QhY=
-3,-57,iUxc+YecaXjw356S1m8KAUr+QcQ=,Nvzbw3ggzXxeJe3v0MSW1fBjWZY=
-4,-57,iUxc+YecaXjw356S1m8KAUr+QcQ=,Nvzbw3ggzXxeJe3v0MSW1fBjWZY=
-8,-52,iUxc+YecaXjw356S1m8KAUr+QcQ=,0otPGQvkzmsEazcaMlpAwfI2QhY=
-2,-49,iUxc+YecaXjw356S1m8KAUr+QcQ=,0otPGQvkzmsEazcaMlpAwfI2QhY=
-2,-54,iUxc+YecaXjw356S1m8KAUr+QcQ=,0otPGQvkzmsEazcaMlpAwfI2QhY=
-2,-56,iUxc+YecaXjw356S1m8KAUr+QcQ=,0otPGQvkzmsEazcaMlpAwfI2QhY=
-8,-50,iUxc+YecaXjw356S1m8KAUr+QcQ=,0otPGQvkzmsEazcaMlpAwfI2QhY=
-2,-57,iUxc+YecaXjw356S1m8KAUr+QcQ=,Nvzbw3ggzXxeJe3v0MSW1fBjWZY=
-1,-49,iUxc+YecaXjw356S1m8KAUr+QcQ=,0otPGQvkzmsEazcaMlpAwfI2QhY=
-29,-33,nmumIsYjja+zYEw5iNtNhNHHD9Y=,Dbf8OBaBPUXmjw1VUDhxu7eATAM=
-28,-33,nmumIsYjja+zYEw5iNtNhNHHD9Y=,Dbf8OBaBPUXmjw1VUDhxu7eATAM=
-30,-33,nmumIsYjja+zYEw5iNtNhNHHD9Y=,Dbf8OBaBPUXmjw1VUDhxu7eATAM=
-31,-33,nmumIsYjja+zYEw5iNtNhNHHD9Y=,Dbf8OBaBPUXmjw1VUDhxu7eATAM=
-32,-33,Bv5gG2kv2HOOBDNLOuR9MTJAfeA=,Dbf8OBaBPUXmjw1VUDhxu7eATAM=
-27,-34,W2iYYHxmXHAG0JsyZsqk7Y0vTSI=,Dbf8OBaBPUXmjw1VUDhxu7eATAM=
-26,-34,W2iYYHxmXHAG0JsyZsqk7Y0vTSI=,Dbf8OBaBPUXmjw1VUDhxu7eATAM=
-29,-34,W2iYYHxmXHAG0JsyZsqk7Y0vTSI=,Dbf8OBaBPUXmjw1VUDhxu7eATAM=
-30,-34,W2iYYHxmXHAG0JsyZsqk7Y0vTSI=,Dbf8OBaBPUXmjw1VUDhxu7eATAM=
-31,-34,W2iYYHxmXHAG0JsyZsqk7Y0vTSI=,Dbf8OBaBPUXmjw1VUDhxu7eATAM=
-28,-34,W2iYYHxmXHAG0JsyZsqk7Y0vTSI=,Dbf8OBaBPUXmjw1VUDhxu7eATAM=
-27,-35,W2iYYHxmXHAG0JsyZsqk7Y0vTSI=,Dbf8OBaBPUXmjw1VUDhxu7eATAM=
-28,-35,W2iYYHxmXHAG0JsyZsqk7Y0vTSI=,Dbf8OBaBPUXmjw1VUDhxu7eATAM=
-30,-35,W2iYYHxmXHAG0JsyZsqk7Y0vTSI=,Dbf8OBaBPUXmjw1VUDhxu7eATAM=
-29,-35,W2iYYHxmXHAG0JsyZsqk7Y0vTSI=,Dbf8OBaBPUXmjw1VUDhxu7eATAM=
-31,-35,W2iYYHxmXHAG0JsyZsqk7Y0vTSI=,Dbf8OBaBPUXmjw1VUDhxu7eATAM=
-32,-35,W2iYYHxmXHAG0JsyZsqk7Y0vTSI=,Dbf8OBaBPUXmjw1VUDhxu7eATAM=
-26,-36,W2iYYHxmXHAG0JsyZsqk7Y0vTSI=,Dbf8OBaBPUXmjw1VUDhxu7eATAM=
-27,-36,W2iYYHxmXHAG0JsyZsqk7Y0vTSI=,Dbf8OBaBPUXmjw1VUDhxu7eATAM=
-28,-36,W2iYYHxmXHAG0JsyZsqk7Y0vTSI=,Dbf8OBaBPUXmjw1VUDhxu7eATAM=
-29,-36,W2iYYHxmXHAG0JsyZsqk7Y0vTSI=,Dbf8OBaBPUXmjw1VUDhxu7eATAM=
-30,-36,W2iYYHxmXHAG0JsyZsqk7Y0vTSI=,Dbf8OBaBPUXmjw1VUDhxu7eATAM=
-31,-36,W2iYYHxmXHAG0JsyZsqk7Y0vTSI=,Dbf8OBaBPUXmjw1VUDhxu7eATAM=
-32,-34,W2iYYHxmXHAG0JsyZsqk7Y0vTSI=,Dbf8OBaBPUXmjw1VUDhxu7eATAM=
-32,-36,W2iYYHxmXHAG0JsyZsqk7Y0vTSI=,Dbf8OBaBPUXmjw1VUDhxu7eATAM=
-26,-37,W2iYYHxmXHAG0JsyZsqk7Y0vTSI=,Dbf8OBaBPUXmjw1VUDhxu7eATAM=
-27,-37,W2iYYHxmXHAG0JsyZsqk7Y0vTSI=,Dbf8OBaBPUXmjw1VUDhxu7eATAM=
-28,-37,W2iYYHxmXHAG0JsyZsqk7Y0vTSI=,Dbf8OBaBPUXmjw1VUDhxu7eATAM=
-29,-37,W2iYYHxmXHAG0JsyZsqk7Y0vTSI=,Dbf8OBaBPUXmjw1VUDhxu7eATAM=
-30,-37,W2iYYHxmXHAG0JsyZsqk7Y0vTSI=,Dbf8OBaBPUXmjw1VUDhxu7eATAM=
-31,-37,W2iYYHxmXHAG0JsyZsqk7Y0vTSI=,Dbf8OBaBPUXmjw1VUDhxu7eATAM=
-32,-37,W2iYYHxmXHAG0JsyZsqk7Y0vTSI=,Dbf8OBaBPUXmjw1VUDhxu7eATAM=
-26,-38,W2iYYHxmXHAG0JsyZsqk7Y0vTSI=,Dbf8OBaBPUXmjw1VUDhxu7eATAM=
-27,-38,W2iYYHxmXHAG0JsyZsqk7Y0vTSI=,Dbf8OBaBPUXmjw1VUDhxu7eATAM=
-28,-38,W2iYYHxmXHAG0JsyZsqk7Y0vTSI=,Dbf8OBaBPUXmjw1VUDhxu7eATAM=
-29,-38,W2iYYHxmXHAG0JsyZsqk7Y0vTSI=,Dbf8OBaBPUXmjw1VUDhxu7eATAM=
-30,-38,W2iYYHxmXHAG0JsyZsqk7Y0vTSI=,Dbf8OBaBPUXmjw1VUDhxu7eATAM=
-31,-38,W2iYYHxmXHAG0JsyZsqk7Y0vTSI=,Dbf8OBaBPUXmjw1VUDhxu7eATAM=
-32,-38,W2iYYHxmXHAG0JsyZsqk7Y0vTSI=,Dbf8OBaBPUXmjw1VUDhxu7eATAM=
-26,-39,W2iYYHxmXHAG0JsyZsqk7Y0vTSI=,Dbf8OBaBPUXmjw1VUDhxu7eATAM=
-27,-39,W2iYYHxmXHAG0JsyZsqk7Y0vTSI=,Dbf8OBaBPUXmjw1VUDhxu7eATAM=
-28,-39,W2iYYHxmXHAG0JsyZsqk7Y0vTSI=,Dbf8OBaBPUXmjw1VUDhxu7eATAM=
-29,-39,W2iYYHxmXHAG0JsyZsqk7Y0vTSI=,Dbf8OBaBPUXmjw1VUDhxu7eATAM=
-31,-39,W2iYYHxmXHAG0JsyZsqk7Y0vTSI=,Dbf8OBaBPUXmjw1VUDhxu7eATAM=
-32,-39,W2iYYHxmXHAG0JsyZsqk7Y0vTSI=,Dbf8OBaBPUXmjw1VUDhxu7eATAM=
-30,-39,W2iYYHxmXHAG0JsyZsqk7Y0vTSI=,Dbf8OBaBPUXmjw1VUDhxu7eATAM=
-26,-40,W2iYYHxmXHAG0JsyZsqk7Y0vTSI=,Dbf8OBaBPUXmjw1VUDhxu7eATAM=
-28,-40,W2iYYHxmXHAG0JsyZsqk7Y0vTSI=,Dbf8OBaBPUXmjw1VUDhxu7eATAM=
-27,-40,W2iYYHxmXHAG0JsyZsqk7Y0vTSI=,Dbf8OBaBPUXmjw1VUDhxu7eATAM=
-29,-40,W2iYYHxmXHAG0JsyZsqk7Y0vTSI=,Dbf8OBaBPUXmjw1VUDhxu7eATAM=
-30,-40,W2iYYHxmXHAG0JsyZsqk7Y0vTSI=,Dbf8OBaBPUXmjw1VUDhxu7eATAM=
-31,-40,W2iYYHxmXHAG0JsyZsqk7Y0vTSI=,Dbf8OBaBPUXmjw1VUDhxu7eATAM=
-26,-35,W2iYYHxmXHAG0JsyZsqk7Y0vTSI=,Dbf8OBaBPUXmjw1VUDhxu7eATAM=
-32,-40,W2iYYHxmXHAG0JsyZsqk7Y0vTSI=,Dbf8OBaBPUXmjw1VUDhxu7eATAM=
-26,-33,W2iYYHxmXHAG0JsyZsqk7Y0vTSI=,Dbf8OBaBPUXmjw1VUDhxu7eATAM=
-27,-33,W2iYYHxmXHAG0JsyZsqk7Y0vTSI=,Dbf8OBaBPUXmjw1VUDhxu7eATAM=
-21,-33,W2iYYHxmXHAG0JsyZsqk7Y0vTSI=,N+fQpKCMhetoHDRRfVfRisVUO4Y=
-20,-33,W2iYYHxmXHAG0JsyZsqk7Y0vTSI=,N+fQpKCMhetoHDRRfVfRisVUO4Y=
-20,-34,W2iYYHxmXHAG0JsyZsqk7Y0vTSI=,N+fQpKCMhetoHDRRfVfRisVUO4Y=
-19,-34,W2iYYHxmXHAG0JsyZsqk7Y0vTSI=,N+fQpKCMhetoHDRRfVfRisVUO4Y=
-21,-34,W2iYYHxmXHAG0JsyZsqk7Y0vTSI=,N+fQpKCMhetoHDRRfVfRisVUO4Y=
-22,-34,W2iYYHxmXHAG0JsyZsqk7Y0vTSI=,N+fQpKCMhetoHDRRfVfRisVUO4Y=
-22,-33,W2iYYHxmXHAG0JsyZsqk7Y0vTSI=,N+fQpKCMhetoHDRRfVfRisVUO4Y=
-18,-35,W2iYYHxmXHAG0JsyZsqk7Y0vTSI=,N+fQpKCMhetoHDRRfVfRisVUO4Y=
-19,-35,W2iYYHxmXHAG0JsyZsqk7Y0vTSI=,N+fQpKCMhetoHDRRfVfRisVUO4Y=
-23,-33,W2iYYHxmXHAG0JsyZsqk7Y0vTSI=,N+fQpKCMhetoHDRRfVfRisVUO4Y=
-17,-35,W2iYYHxmXHAG0JsyZsqk7Y0vTSI=,N+fQpKCMhetoHDRRfVfRisVUO4Y=
-19,-33,W2iYYHxmXHAG0JsyZsqk7Y0vTSI=,N+fQpKCMhetoHDRRfVfRisVUO4Y=
-17,-36,W2iYYHxmXHAG0JsyZsqk7Y0vTSI=,N+fQpKCMhetoHDRRfVfRisVUO4Y=
-21,-39,W2iYYHxmXHAG0JsyZsqk7Y0vTSI=,N+fQpKCMhetoHDRRfVfRisVUO4Y=
-24,-35,W2iYYHxmXHAG0JsyZsqk7Y0vTSI=,N+fQpKCMhetoHDRRfVfRisVUO4Y=
-23,-36,W2iYYHxmXHAG0JsyZsqk7Y0vTSI=,N+fQpKCMhetoHDRRfVfRisVUO4Y=
-25,-34,W2iYYHxmXHAG0JsyZsqk7Y0vTSI=,Dbf8OBaBPUXmjw1VUDhxu7eATAM=
-24,-34,W2iYYHxmXHAG0JsyZsqk7Y0vTSI=,N+fQpKCMhetoHDRRfVfRisVUO4Y=
-18,-33,W2iYYHxmXHAG0JsyZsqk7Y0vTSI=,N+fQpKCMhetoHDRRfVfRisVUO4Y=
-17,-33,W2iYYHxmXHAG0JsyZsqk7Y0vTSI=,N+fQpKCMhetoHDRRfVfRisVUO4Y=
-20,-35,W2iYYHxmXHAG0JsyZsqk7Y0vTSI=,N+fQpKCMhetoHDRRfVfRisVUO4Y=
-22,-39,W2iYYHxmXHAG0JsyZsqk7Y0vTSI=,N+fQpKCMhetoHDRRfVfRisVUO4Y=
-24,-33,W2iYYHxmXHAG0JsyZsqk7Y0vTSI=,N+fQpKCMhetoHDRRfVfRisVUO4Y=
-24,-36,W2iYYHxmXHAG0JsyZsqk7Y0vTSI=,N+fQpKCMhetoHDRRfVfRisVUO4Y=
-23,-34,W2iYYHxmXHAG0JsyZsqk7Y0vTSI=,N+fQpKCMhetoHDRRfVfRisVUO4Y=
-24,-40,W2iYYHxmXHAG0JsyZsqk7Y0vTSI=,N+fQpKCMhetoHDRRfVfRisVUO4Y=
-21,-35,W2iYYHxmXHAG0JsyZsqk7Y0vTSI=,N+fQpKCMhetoHDRRfVfRisVUO4Y=
-17,-34,W2iYYHxmXHAG0JsyZsqk7Y0vTSI=,N+fQpKCMhetoHDRRfVfRisVUO4Y=
-25,-35,W2iYYHxmXHAG0JsyZsqk7Y0vTSI=,Dbf8OBaBPUXmjw1VUDhxu7eATAM=
-23,-35,W2iYYHxmXHAG0JsyZsqk7Y0vTSI=,N+fQpKCMhetoHDRRfVfRisVUO4Y=
-22,-37,W2iYYHxmXHAG0JsyZsqk7Y0vTSI=,N+fQpKCMhetoHDRRfVfRisVUO4Y=
-22,-40,W2iYYHxmXHAG0JsyZsqk7Y0vTSI=,N+fQpKCMhetoHDRRfVfRisVUO4Y=
-18,-34,W2iYYHxmXHAG0JsyZsqk7Y0vTSI=,N+fQpKCMhetoHDRRfVfRisVUO4Y=
-23,-39,W2iYYHxmXHAG0JsyZsqk7Y0vTSI=,N+fQpKCMhetoHDRRfVfRisVUO4Y=
-25,-36,W2iYYHxmXHAG0JsyZsqk7Y0vTSI=,Dbf8OBaBPUXmjw1VUDhxu7eATAM=
-22,-36,W2iYYHxmXHAG0JsyZsqk7Y0vTSI=,N+fQpKCMhetoHDRRfVfRisVUO4Y=
-17,-37,W2iYYHxmXHAG0JsyZsqk7Y0vTSI=,N+fQpKCMhetoHDRRfVfRisVUO4Y=
-24,-39,W2iYYHxmXHAG0JsyZsqk7Y0vTSI=,N+fQpKCMhetoHDRRfVfRisVUO4Y=
-25,-37,W2iYYHxmXHAG0JsyZsqk7Y0vTSI=,Dbf8OBaBPUXmjw1VUDhxu7eATAM=
-19,-36,W2iYYHxmXHAG0JsyZsqk7Y0vTSI=,N+fQpKCMhetoHDRRfVfRisVUO4Y=
-18,-37,W2iYYHxmXHAG0JsyZsqk7Y0vTSI=,N+fQpKCMhetoHDRRfVfRisVUO4Y=
-25,-38,W2iYYHxmXHAG0JsyZsqk7Y0vTSI=,Dbf8OBaBPUXmjw1VUDhxu7eATAM=
-21,-37,W2iYYHxmXHAG0JsyZsqk7Y0vTSI=,N+fQpKCMhetoHDRRfVfRisVUO4Y=
-20,-40,W2iYYHxmXHAG0JsyZsqk7Y0vTSI=,N+fQpKCMhetoHDRRfVfRisVUO4Y=
-21,-40,W2iYYHxmXHAG0JsyZsqk7Y0vTSI=,N+fQpKCMhetoHDRRfVfRisVUO4Y=
-19,-37,W2iYYHxmXHAG0JsyZsqk7Y0vTSI=,N+fQpKCMhetoHDRRfVfRisVUO4Y=
-22,-35,W2iYYHxmXHAG0JsyZsqk7Y0vTSI=,N+fQpKCMhetoHDRRfVfRisVUO4Y=
-17,-40,W2iYYHxmXHAG0JsyZsqk7Y0vTSI=,N+fQpKCMhetoHDRRfVfRisVUO4Y=
-25,-39,W2iYYHxmXHAG0JsyZsqk7Y0vTSI=,Dbf8OBaBPUXmjw1VUDhxu7eATAM=
-25,-33,W2iYYHxmXHAG0JsyZsqk7Y0vTSI=,Dbf8OBaBPUXmjw1VUDhxu7eATAM=
-20,-39,W2iYYHxmXHAG0JsyZsqk7Y0vTSI=,N+fQpKCMhetoHDRRfVfRisVUO4Y=
-19,-39,W2iYYHxmXHAG0JsyZsqk7Y0vTSI=,N+fQpKCMhetoHDRRfVfRisVUO4Y=
-18,-39,W2iYYHxmXHAG0JsyZsqk7Y0vTSI=,N+fQpKCMhetoHDRRfVfRisVUO4Y=
-17,-39,W2iYYHxmXHAG0JsyZsqk7Y0vTSI=,N+fQpKCMhetoHDRRfVfRisVUO4Y=
-24,-38,W2iYYHxmXHAG0JsyZsqk7Y0vTSI=,N+fQpKCMhetoHDRRfVfRisVUO4Y=
-20,-38,W2iYYHxmXHAG0JsyZsqk7Y0vTSI=,N+fQpKCMhetoHDRRfVfRisVUO4Y=
-19,-38,W2iYYHxmXHAG0JsyZsqk7Y0vTSI=,N+fQpKCMhetoHDRRfVfRisVUO4Y=
-23,-38,W2iYYHxmXHAG0JsyZsqk7Y0vTSI=,N+fQpKCMhetoHDRRfVfRisVUO4Y=
-22,-38,W2iYYHxmXHAG0JsyZsqk7Y0vTSI=,N+fQpKCMhetoHDRRfVfRisVUO4Y=
-21,-38,W2iYYHxmXHAG0JsyZsqk7Y0vTSI=,N+fQpKCMhetoHDRRfVfRisVUO4Y=
-18,-38,W2iYYHxmXHAG0JsyZsqk7Y0vTSI=,N+fQpKCMhetoHDRRfVfRisVUO4Y=
-19,-40,W2iYYHxmXHAG0JsyZsqk7Y0vTSI=,N+fQpKCMhetoHDRRfVfRisVUO4Y=
-17,-38,W2iYYHxmXHAG0JsyZsqk7Y0vTSI=,N+fQpKCMhetoHDRRfVfRisVUO4Y=
-24,-37,W2iYYHxmXHAG0JsyZsqk7Y0vTSI=,N+fQpKCMhetoHDRRfVfRisVUO4Y=
-23,-37,W2iYYHxmXHAG0JsyZsqk7Y0vTSI=,N+fQpKCMhetoHDRRfVfRisVUO4Y=
-23,-40,W2iYYHxmXHAG0JsyZsqk7Y0vTSI=,N+fQpKCMhetoHDRRfVfRisVUO4Y=
-25,-40,W2iYYHxmXHAG0JsyZsqk7Y0vTSI=,Dbf8OBaBPUXmjw1VUDhxu7eATAM=
-20,-37,W2iYYHxmXHAG0JsyZsqk7Y0vTSI=,N+fQpKCMhetoHDRRfVfRisVUO4Y=
-18,-40,W2iYYHxmXHAG0JsyZsqk7Y0vTSI=,N+fQpKCMhetoHDRRfVfRisVUO4Y=
-20,-36,W2iYYHxmXHAG0JsyZsqk7Y0vTSI=,N+fQpKCMhetoHDRRfVfRisVUO4Y=
-21,-36,W2iYYHxmXHAG0JsyZsqk7Y0vTSI=,N+fQpKCMhetoHDRRfVfRisVUO4Y=
-18,-36,W2iYYHxmXHAG0JsyZsqk7Y0vTSI=,N+fQpKCMhetoHDRRfVfRisVUO4Y=
